20260223-8f3254f7,20260222-43087b1b,22102,86,313.63,0.0800,50.7173,1.00,0.000075,SnakeCollision,4,61,256.2668,1338.5090,31.6007,2635.8535,0.000,0.012,0.140,0.616,0.233,0.000,8
20260223-8f3254f7,20260222-43087b1b,22103,168,1220.32,0.0800,78.1658,1.00,0.000075,SnakeCollision,4,92,221.6228,855.8396,32.0609,1321.7673,0.012,0.042,0.155,0.667,0.119,0.006,8
20260223-8f3254f7,20260222-43087b1b,22104,186,2497.69,0.0800,262.2973,1.00,0.000075,SnakeCollision,4,155,263.8602,1567.0853,39.8702,20236.7930,0.000,0.022,0.161,0.785,0.032,0.000,8
20260223-8f3254f7,20260222-43087b1b,22105,187,2100.43,0.0800,544.4565,1.00,0.000075,SnakeCollision,4,123,266.1574,2028.9015,49.9863,10464.1484,0.005,0.075,0.107,0.663,0.144,0.005,8
20260223-8f3254f7,20260222-43087b1b,22106,187,336.33,0.0800,544.4565,1.00,0.000075,SnakeCollision,4,30,266.1574,2028.9015,49.9863,10464.1484,0.016,0.021,0.235,0.615,0.102,0.011,8
20260223-8f3254f7,20260222-43087b1b,22107,273,2240.74,0.0800,467.1315,1.00,0.000075,SnakeCollision,4,200,260.2610,1239.0724,42.9301,13818.7383,0.011,0.051,0.158,0.615,0.158,0.007,8
20260223-8f3254f7,20260222-43087b1b,22108,188,551.04,0.0800,467.1315,1.00,0.000075,SnakeCollision,4,105,260.2610,1239.0724,42.9301,13818.7383,0.016,0.064,0.165,0.649,0.096,0.011,8
20260223-8f3254f7,20260222-43087b1b,22109,3,-52.12,0.0800,742.3883,1.00,0.000075,SnakeCollision,4,0,251.0559,1293.7451,62.3741,9609.8242,0.000,0.000,0.000,0.667,0.333,0.000,8
20260223-8f3254f7,20260222-43087b1b,22110,2,-50.93,0.0800,742.3883,1.00,0.000075,SnakeCollision,4,0,251.0559,1293.7451,62.3741,9609.8242,0.000,0.000,0.500,0.500,0.000,0.000,8
20260223-8f3254f7,20260222-43087b1b,22111,190,1457.70,0.0800,94.7973,1.00,0.000075,SnakeCollision,4,92,230.8058,1823.2827,34.2071,5993.8149,0.005,0.032,0.221,0.684,0.053,0.005,8
20260223-8f3254f7,20260222-43087b1b,22112,3,-47.10,0.0800,94.7973,1.00,0.000075,SnakeCollision,4,0,230.8058,1823.2827,34.2071,5993.8149,0.000,0.000,0.000,1.000,0.000,0.000,8
20260223-8f3254f7,20260222-43087b1b,22113,191,585.33,0.0800,94.7973,1.00,0.000075,SnakeCollision,4,75,230.8058,1823.2827,34.2071,5993.8149,0.005,0.079,0.131,0.639,0.141,0.005,8
20260223-8f3254f7,20260222-43087b1b,22114,74,418.61,0.0800,76.8435,1.00,0.000075,SnakeCollision,4,61,244.3748,1277.0992,20.5017,4843.2715,0.041,0.041,0.122,0.716,0.081,0.000,7
20260223-8f3254f7,20260222-43087b1b,22115,76,330.23,0.0800,78.7629,1.00,0.000075,SnakeCollision,4,105,259.7812,1436.1068,27.0958,4428.8398,0.013,0.053,0.211,0.645,0.066,0.013,7
20260223-8f3254f7,20260222-43087b1b,22116,75,162.77,0.0800,215.1214,1.00,0.000075,SnakeCollision,4,30,242.9046,1535.6580,36.5929,16557.3633,0.013,0.013,0.187,0.480,0.307,0.000,7
20260223-8f3254f7,20260222-43087b1b,22117,76,182.88,0.0800,236.7748,1.00,0.000075,SnakeCollision,4,45,270.5997,1931.5197,42.5838,4900.7095,0.000,0.026,0.224,0.632,0.118,0.000,7
20260223-8f3254f7,20260222-43087b1b,22118,78,471.49,0.0800,236.7748,1.00,0.000075,SnakeCollision,4,61,270.5997,1931.5197,42.5838,4900.7095,0.000,0.038,0.128,0.718,0.115,0.000,7
20260223-8f3254f7,20260222-43087b1b,22119,2,-48.61,0.0800,236.7748,1.00,0.000075,SnakeCollision,4,0,270.5997,1931.5197,42.5838,4900.7095,0.000,0.000,0.000,1.000,0.000,0.000,7
20260223-8f3254f7,20260222-43087b1b,22120,84,190.97,0.0800,153.1384,1.00,0.000075,SnakeCollision,4,75,245.7434,2167.6392,28.0779,10779.7197,0.012,0.060,0.190,0.619,0.107,0.012,7
20260223-8f3254f7,20260222-43087b1b,22121,88,796.04,0.0800,188.5948,1.00,0.000075,SnakeCollision,4,92,229.5294,1485.7145,32.8540,18879.1230,0.011,0.023,0.227,0.670,0.068,0.000,8
20260223-8f3254f7,20260222-43087b1b,22122,86,248.40,0.0800,188.5948,1.00,0.000075,SnakeCollision,4,30,229.5294,1485.7145,32.8540,18879.1230,0.012,0.012,0.093,0.860,0.023,0.000,8
20260223-8f3254f7,20260222-43087b1b,22123,85,292.40,0.0800,188.5948,1.00,0.000075,SnakeCollision,4,45,229.5294,1485.7145,32.8540,18879.1230,0.012,0.012,0.106,0.800,0.071,0.000,8
20260223-8f3254f7,20260222-43087b1b,22124,85,232.17,0.0800,188.5948,1.00,0.000075,SnakeCollision,4,30,229.5294,1485.7145,32.8540,18879.1230,0.012,0.012,0.094,0.776,0.094,0.012,8
20260223-8f3254f7,20260222-43087b1b,22125,162,435.50,0.0800,188.5948,1.00,0.000075,SnakeCollision,4,45,229.5294,1485.7145,32.8540,18879.1230,0.000,0.074,0.198,0.617,0.105,0.006,8
20260223-8f3254f7,20260222-43087b1b,22126,66,433.31,0.0800,20.4088,1.00,0.000075,SnakeCollision,4,61,221.4711,1416.4412,28.7742,869.9244,0.015,0.045,0.106,0.697,0.136,0.000,8
20260223-8f3254f7,20260222-43087b1b,22127,95,208.56,0.0800,52.9453,1.00,0.000075,SnakeCollision,4,15,243.3765,1458.5852,26.8078,1723.7469,0.011,0.105,0.347,0.358,0.168,0.011,8
20260223-8f3254f7,20260222-43087b1b,22128,96,316.28,0.0800,171.6977,1.00,0.000075,SnakeCollision,4,30,239.5928,1574.0769,44.8036,2624.9778,0.010,0.031,0.167,0.698,0.094,0.000,8
20260223-8f3254f7,20260222-43087b1b,22129,96,113.92,0.0800,171.6977,1.00,0.000075,SnakeCollision,4,15,239.5928,1574.0769,44.8036,2624.9778,0.000,0.031,0.333,0.448,0.177,0.010,8
20260223-8f3254f7,20260222-43087b1b,22130,96,354.76,0.0800,171.6977,1.00,0.000075,SnakeCollision,4,45,239.5928,1574.0769,44.8036,2624.9778,0.010,0.083,0.188,0.594,0.125,0.000,8
20260223-8f3254f7,20260222-43087b1b,22131,97,352.49,0.0800,237.1573,1.00,0.000075,SnakeCollision,4,61,219.0518,1222.9182,53.1645,4193.4214,0.021,0.031,0.247,0.619,0.082,0.000,8
20260223-8f3254f7,20260222-43087b1b,22132,102,778.56,0.0800,137.1485,1.00,0.000075,SnakeCollision,4,107,227.6351,1408.9702,33.6799,2635.5764,0.010,0.049,0.225,0.559,0.157,0.000,8
20260223-8f3254f7,20260222-43087b1b,22133,6,-16.89,0.0800,50.0203,1.00,0.000075,SnakeCollision,4,15,214.1556,1451.8961,25.6192,2988.0654,0.000,0.000,0.167,0.667,0.167,0.000,8
20260223-8f3254f7,20260222-43087b1b,22134,7,-44.90,0.0800,75.5208,1.00,0.000075,SnakeCollision,4,0,258.2458,2240.5659,25.4821,3965.6179,0.000,0.000,0.143,0.857,0.000,0.000,8
20260223-8f3254f7,20260222-43087b1b,22135,15,5.16,0.0800,73.1864,1.00,0.000075,SnakeCollision,4,15,259.8931,1555.1677,25.8953,1921.5509,0.000,0.000,0.067,0.600,0.333,0.000,8
20260223-8f3254f7,20260222-43087b1b,22136,53,371.71,0.0800,134.8806,1.00,0.000075,SnakeCollision,4,92,219.9834,1032.7664,41.0144,3740.7422,0.000,0.019,0.245,0.604,0.132,0.000,7
20260223-8f3254f7,20260222-43087b1b,22137,23,-18.96,0.0800,134.8806,1.00,0.000075,SnakeCollision,4,15,219.9834,1032.7664,41.0144,3740.7422,0.043,0.000,0.304,0.478,0.130,0.043,7
20260223-8f3254f7,20260222-43087b1b,22138,22,48.51,0.0800,207.8954,1.00,0.000075,SnakeCollision,4,30,249.5963,1592.4692,32.2006,2245.9810,0.000,0.000,0.227,0.636,0.136,0.000,7
20260223-8f3254f7,20260222-43087b1b,22139,470,7055.85,0.0800,101.1693,1.00,0.000075,SnakeCollision,4,368,230.4118,1602.2053,36.2342,3909.9663,0.013,0.040,0.291,0.557,0.087,0.011,7
20260223-8f3254f7,20260222-43087b1b,22140,24,-20.04,0.0800,101.1693,1.00,0.000075,SnakeCollision,4,0,230.4118,1602.2053,36.2342,3909.9663,0.000,0.083,0.125,0.583,0.208,0.000,7
20260223-8f3254f7,20260222-43087b1b,22141,18,39.40,0.0800,73.5210,1.00,0.000075,SnakeCollision,4,45,256.7716,1432.1143,34.9295,3471.4937,0.000,0.056,0.333,0.389,0.222,0.000,7
20260223-8f3254f7,20260222-43087b1b,22142,4,-48.93,0.0800,73.5210,1.00,0.000075,SnakeCollision,4,0,256.7716,1432.1143,34.9295,3471.4937,0.000,0.000,0.500,0.500,0.000,0.000,7
20260223-8f3254f7,20260222-43087b1b,22143,3,-32.38,0.0800,17.0097,1.00,0.000075,SnakeCollision,4,15,228.9905,946.4515,32.6318,1206.3156,0.000,0.000,0.000,0.667,0.333,0.000,6
20260223-8f3254f7,20260222-43087b1b,22144,4,-45.35,0.0800,17.0097,1.00,0.000075,SnakeCollision,4,0,228.9905,946.4515,32.6318,1206.3156,0.000,0.000,0.000,0.250,0.750,0.000,6
20260223-8f3254f7,20260222-43087b1b,22145,138,525.66,0.0800,186.2798,1.00,0.000075,SnakeCollision,4,45,223.0382,1545.7104,36.2875,3853.9736,0.007,0.022,0.145,0.674,0.138,0.014,7
20260223-8f3254f7,20260222-43087b1b,22146,140,648.94,0.0800,186.2798,1.00,0.000075,SnakeCollision,4,105,223.0382,1545.7104,36.2875,3853.9736,0.021,0.036,0.121,0.750,0.064,0.007,7
20260223-8f3254f7,20260222-43087b1b,22147,137,1027.30,0.0800,186.2798,1.00,0.000075,SnakeCollision,4,92,223.0382,1545.7104,36.2875,3853.9736,0.000,0.022,0.168,0.708,0.102,0.000,7
20260223-8f3254f7,20260222-43087b1b,22148,136,436.76,0.0800,186.2798,1.00,0.000075,SnakeCollision,4,30,223.0382,1545.7104,36.2875,3853.9736,0.022,0.066,0.169,0.676,0.066,0.000,7
20260223-8f3254f7,20260222-43087b1b,22149,79,300.11,0.0800,257.6282,1.00,0.000075,SnakeCollision,4,60,229.7688,1440.1194,35.6526,15021.2861,0.000,0.051,0.215,0.671,0.051,0.013,8
20260223-8f3254f7,20260222-43087b1b,22150,217,1180.93,0.0800,257.6282,1.00,0.000075,SnakeCollision,4,122,229.7688,1440.1194,35.6526,15021.2861,0.009,0.037,0.207,0.604,0.111,0.032,8
20260223-8f3254f7,20260222-43087b1b,22151,215,1985.67,0.0800,257.6282,1.00,0.000075,SnakeCollision,4,139,229.7688,1440.1194,35.6526,15021.2861,0.009,0.037,0.098,0.823,0.033,0.000,8
20260223-8f3254f7,20260222-43087b1b,22152,79,30.33,0.0800,257.6282,1.00,0.000075,SnakeCollision,4,15,229.7688,1440.1194,35.6526,15021.2861,0.000,0.051,0.329,0.278,0.316,0.025,8
20260223-8f3254f7,20260222-43087b1b,22153,82,236.81,0.0800,892.2225,1.00,0.000075,SnakeCollision,4,61,228.7668,1241.7114,60.5435,4706.2227,0.012,0.012,0.098,0.793,0.073,0.012,8
20260223-8f3254f7,20260222-43087b1b,22154,4,-49.14,0.0800,106.2361,1.00,0.000075,SnakeCollision,4,0,228.3721,1286.2687,34.9039,6919.0542,0.000,0.000,0.000,1.000,0.000,0.000,8
20260223-8f3254f7,20260222-43087b1b,22155,6,7.05,0.0800,337.4034,1.00,0.000075,SnakeCollision,4,30,220.1986,1118.3123,39.9400,18308.6270,0.000,0.167,0.167,0.333,0.333,0.000,8
20260223-8f3254f7,20260222-43087b1b,22156,218,2822.84,0.0800,113.1621,1.00,0.000075,SnakeCollision,4,236,223.1393,1296.0015,39.9775,4038.0671,0.005,0.032,0.073,0.780,0.106,0.005,8
20260223-8f3254f7,20260222-43087b1b,22157,222,698.35,0.0800,224.7251,1.00,0.000075,SnakeCollision,4,45,238.3676,1841.9457,45.7925,6690.2695,0.009,0.036,0.113,0.743,0.086,0.014,8
20260223-8f3254f7,20260222-43087b1b,22158,222,2486.45,0.0800,224.7251,1.00,0.000075,SnakeCollision,4,139,238.3676,1841.9457,45.7925,6690.2695,0.009,0.005,0.140,0.815,0.032,0.000,8
20260223-8f3254f7,20260222-43087b1b,22159,222,1778.37,0.0800,224.7251,1.00,0.000075,SnakeCollision,4,201,238.3676,1841.9457,45.7925,6690.2695,0.014,0.032,0.113,0.730,0.108,0.005,8
20260223-8f3254f7,20260222-43087b1b,22160,217,2171.05,0.0800,224.7251,1.00,0.000075,SnakeCollision,4,155,238.3676,1841.9457,45.7925,6690.2695,0.000,0.032,0.101,0.760,0.106,0.000,8
20260223-8f3254f7,20260222-43087b1b,22161,219,1435.17,0.0800,91.0893,1.00,0.000075,SnakeCollision,4,139,253.7826,1525.3096,33.3809,3846.8059,0.018,0.068,0.073,0.708,0.128,0.005,8
20260223-8f3254f7,20260222-43087b1b,22162,302,4137.04,0.0800,91.0893,1.00,0.000075,SnakeCollision,4,203,253.7826,1525.3096,33.3809,3846.8059,0.017,0.026,0.046,0.874,0.033,0.003,8
20260223-8f3254f7,20260222-43087b1b,22163,2,-48.22,0.0800,94.4993,1.00,0.000075,SnakeCollision,4,0,224.3590,1368.4517,27.2966,3893.9863,0.000,0.000,0.500,0.000,0.500,0.000,8
20260223-8f3254f7,20260222-43087b1b,22164,2,-50.94,0.0800,94.4993,1.00,0.000075,SnakeCollision,4,0,224.3590,1368.4517,27.2966,3893.9863,0.000,0.000,0.000,1.000,0.000,0.000,8
20260223-8f3254f7,20260222-43087b1b,22165,8,-42.97,0.0800,176.2370,1.00,0.000075,SnakeCollision,4,0,212.9053,1303.6700,35.6863,4184.9927,0.000,0.000,0.000,0.250,0.750,0.000,8
20260223-8f3254f7,20260222-43087b1b,22166,10,-30.91,0.0800,134.9687,1.00,0.000075,SnakeCollision,4,0,240.2659,1344.9913,39.2968,5764.3789,0.000,0.000,0.100,0.700,0.200,0.000,7
20260223-8f3254f7,20260222-43087b1b,22167,102,299.88,0.0800,151.6721,1.00,0.000075,SnakeCollision,4,30,203.6084,1846.6112,27.9091,15131.8037,0.000,0.010,0.353,0.520,0.118,0.000,7
20260223-8f3254f7,20260222-43087b1b,22168,104,874.57,0.0800,197.3446,1.00,0.000075,SnakeCollision,4,92,223.3089,1488.5627,31.7850,6739.1948,0.000,0.000,0.048,0.923,0.029,0.000,7
20260223-8f3254f7,20260222-43087b1b,22169,478,2319.25,0.0800,261.0296,1.00,0.000075,SnakeCollision,4,261,208.0602,1147.7603,35.9300,2145.9546,0.008,0.046,0.151,0.713,0.073,0.008,7
20260223-8f3254f7,20260222-43087b1b,22170,167,573.52,0.0800,122.9117,1.00,0.000075,SnakeCollision,4,60,201.2621,1719.3953,36.2844,4760.2148,0.018,0.054,0.192,0.659,0.072,0.006,8
20260223-8f3254f7,20260222-43087b1b,22171,73,190.31,0.0800,122.9117,1.00,0.000075,SnakeCollision,4,30,201.2621,1719.3953,36.2844,4760.2148,0.000,0.014,0.233,0.726,0.027,0.000,8
20260223-8f3254f7,20260222-43087b1b,22172,169,1608.38,0.0800,164.0257,1.00,0.000075,SnakeCollision,4,139,206.6978,2262.0068,49.0195,2353.7405,0.012,0.030,0.130,0.698,0.130,0.000,8
20260223-8f3254f7,20260222-43087b1b,22173,74,236.44,0.0800,296.8310,1.00,0.000075,SnakeCollision,4,45,194.3823,1577.3738,33.3635,17901.3789,0.014,0.068,0.081,0.554,0.257,0.027,8
20260223-8f3254f7,20260222-43087b1b,22174,3,-44.21,0.0800,182.3507,1.00,0.000075,SnakeCollision,4,0,194.1389,1701.1365,37.8133,9365.3770,0.000,0.000,0.000,1.000,0.000,0.000,8
20260223-8f3254f7,20260222-43087b1b,22175,4,1.84,0.0800,182.3507,1.00,0.000075,SnakeCollision,4,30,194.1389,1701.1365,37.8133,9365.3770,0.000,0.000,0.250,0.750,0.000,0.000,8
20260223-8f3254f7,20260222-43087b1b,22176,181,648.56,0.0800,110.6980,1.00,0.000075,SnakeCollision,4,107,185.2357,1283.4077,36.8509,1567.0269,0.006,0.050,0.182,0.569,0.188,0.006,8
20260223-8f3254f7,20260222-43087b1b,22177,5,1.24,0.0800,110.6980,1.00,0.000075,SnakeCollision,4,30,185.2357,1283.4077,36.8509,1567.0269,0.000,0.200,0.400,0.200,0.200,0.000,8
20260223-8f3254f7,20260222-43087b1b,22178,97,110.25,0.0800,60.2067,1.00,0.000075,SnakeCollision,4,15,194.0927,1345.5461,25.2649,1959.5970,0.021,0.062,0.278,0.454,0.175,0.010,7
20260223-8f3254f7,20260222-43087b1b,22179,97,-28.85,0.0800,90.9637,1.00,0.000075,SnakeCollision,4,0,161.7574,1660.5996,25.2834,6906.0425,0.000,0.031,0.278,0.433,0.247,0.010,7
20260223-8f3254f7,20260222-43087b1b,22180,184,1856.23,0.0800,79.7407,1.00,0.000075,SnakeCollision,4,123,197.3998,1133.0880,45.0884,1397.5042,0.005,0.022,0.141,0.788,0.043,0.000,7
20260223-8f3254f7,20260222-43087b1b,22181,3,-44.21,0.0800,89.9211,1.00,0.000075,SnakeCollision,4,0,214.6041,1639.4541,29.3133,4376.0557,0.000,0.000,0.000,1.000,0.000,0.000,8
20260223-8f3254f7,20260222-43087b1b,22182,188,2281.82,0.0800,89.9211,1.00,0.000075,SnakeCollision,4,139,214.6041,1639.4541,29.3133,4376.0557,0.005,0.011,0.117,0.851,0.016,0.000,8
20260223-8f3254f7,20260222-43087b1b,22183,87,158.49,0.0800,89.9211,1.00,0.000075,SnakeCollision,4,30,214.6041,1639.4541,29.3133,4376.0557,0.011,0.000,0.425,0.437,0.115,0.011,8
20260223-8f3254f7,20260222-43087b1b,22184,88,442.30,0.0800,89.9211,1.00,0.000075,SnakeCollision,4,61,214.6041,1639.4541,29.3133,4376.0557,0.000,0.000,0.114,0.830,0.057,0.000,8
20260223-8f3254f7,20260222-43087b1b,22185,186,676.99,0.0800,125.5584,1.00,0.000075,SnakeCollision,4,122,193.3619,1375.3817,20.9383,9771.3896,0.005,0.032,0.177,0.645,0.129,0.011,8
20260223-8f3254f7,20260222-43087b1b,22186,214,966.31,0.0800,130.5331,1.00,0.000075,SnakeCollision,4,137,177.4014,1018.3751,31.3760,3267.8154,0.023,0.047,0.178,0.589,0.159,0.005,8
20260223-8f3254f7,20260222-43087b1b,22187,436,7518.28,0.0800,61.9341,1.00,0.000075,SnakeCollision,4,414,203.4923,1364.9274,24.7720,1303.4232,0.007,0.016,0.106,0.782,0.085,0.005,8
20260223-8f3254f7,20260222-43087b1b,22188,106,690.49,0.0800,77.7061,1.00,0.000075,SnakeCollision,4,61,199.3416,1055.9258,23.8038,1622.9183,0.000,0.019,0.142,0.660,0.179,0.000,8
20260223-8f3254f7,20260222-43087b1b,22189,107,611.66,0.0800,55.9727,1.00,0.000075,SnakeCollision,4,61,176.6555,634.8326,25.1149,885.4564,0.009,0.009,0.093,0.850,0.028,0.009,8
20260223-8f3254f7,20260222-43087b1b,22190,108,441.66,0.0800,57.5964,1.00,0.000075,SnakeCollision,4,61,183.5068,1405.5508,27.2291,3239.1763,0.000,0.028,0.130,0.787,0.056,0.000,8
20260223-8f3254f7,20260222-43087b1b,22191,3,-50.53,0.0800,60.1355,1.00,0.000075,SnakeCollision,4,0,176.6907,1031.5913,30.0128,1263.2595,0.000,0.000,0.333,0.667,0.000,0.000,8
20260223-8f3254f7,20260222-43087b1b,22192,40,139.33,0.0800,209.9792,1.00,0.000075,SnakeCollision,4,45,193.3154,1116.7058,37.6163,8145.1475,0.000,0.025,0.100,0.750,0.125,0.000,8
20260223-8f3254f7,20260222-43087b1b,22193,163,203.93,0.0800,85.7355,1.00,0.000075,SnakeCollision,4,45,193.5209,1019.5681,31.4977,1084.8722,0.000,0.074,0.245,0.613,0.061,0.006,8
20260223-8f3254f7,20260222-43087b1b,22194,275,3174.40,0.0800,118.4834,1.00,0.000075,SnakeCollision,4,231,168.3725,561.4523,35.0581,4071.1082,0.004,0.025,0.160,0.753,0.051,0.007,8
20260223-8f3254f7,20260222-43087b1b,22195,2,-48.49,0.0800,37.3884,1.00,0.000075,SnakeCollision,4,0,157.9669,319.7566,29.6209,760.1349,0.000,1.000,0.000,0.000,0.000,0.000,8
20260223-8f3254f7,20260222-43087b1b,22196,274,1885.45,0.0800,37.3884,1.00,0.000075,SnakeCollision,4,153,157.9669,319.7566,29.6209,760.1349,0.007,0.026,0.197,0.730,0.033,0.007,8
20260223-8f3254f7,20260222-43087b1b,22197,275,1965.03,0.0800,37.3884,1.00,0.000075,SnakeCollision,4,153,157.9669,319.7566,29.6209,760.1349,0.004,0.018,0.113,0.804,0.051,0.011,8
20260223-8f3254f7,20260222-43087b1b,22198,168,547.05,0.0800,61.0869,1.00,0.000075,SnakeCollision,4,45,152.4646,324.1249,32.1521,1004.5947,0.000,0.024,0.131,0.786,0.042,0.018,8
20260223-8f3254f7,20260222-43087b1b,22199,169,2408.21,0.0800,61.0869,1.00,0.000075,SnakeCollision,4,171,152.4646,324.1249,32.1521,1004.5947,0.000,0.030,0.207,0.740,0.018,0.006,8
20260223-8f3254f7,20260222-43087b1b,22200,434,11448.21,0.0800,83.6952,1.00,0.000075,SnakeCollision,4,600,172.8870,322.6636,25.8557,1510.9545,0.014,0.030,0.217,0.682,0.058,0.000,8
20260223-8f3254f7,20260222-43087b1b,22201,269,1599.10,0.0800,65.0613,1.00,0.000075,SnakeCollision,4,263,176.8291,339.3363,25.3773,854.3770,0.015,0.056,0.149,0.703,0.074,0.004,8
20260223-8f3254f7,20260222-43087b1b,22202,269,1609.81,0.0800,140.7014,1.00,0.000075,SnakeCollision,4,123,163.3149,324.9929,26.1903,2865.4951,0.004,0.030,0.190,0.639,0.126,0.011,8
20260223-8f3254f7,20260222-43087b1b,22203,271,1523.73,0.0800,64.4063,1.00,0.000075,SnakeCollision,4,169,165.5623,330.3651,28.4706,894.0748,0.011,0.100,0.166,0.605,0.114,0.004,8
20260223-8f3254f7,20260222-43087b1b,22204,272,4507.04,0.0800,54.4574,1.00,0.000075,SnakeCollision,4,302,145.5170,306.1531,21.6414,967.9332,0.000,0.018,0.070,0.827,0.081,0.004,8
20260223-8f3254f7,20260222-43087b1b,22205,272,2055.31,0.0800,43.1938,1.00,0.000075,SnakeCollision,4,155,151.1183,322.7447,29.5409,432.8372,0.022,0.033,0.169,0.651,0.114,0.011,8
20260223-8f3254f7,20260222-43087b1b,22206,55,132.59,0.0800,152.9019,1.00,0.000075,SnakeCollision,4,30,175.1105,312.4756,46.6298,1435.2173,0.000,0.073,0.200,0.655,0.073,0.000,7
20260223-8f3254f7,20260222-43087b1b,22207,59,238.27,0.0800,100.2239,1.00,0.000075,SnakeCollision,4,30,164.6909,325.9755,26.6793,3975.9302,0.017,0.034,0.153,0.712,0.068,0.017,7
20260223-8f3254f7,20260222-43087b1b,22208,62,631.96,0.0800,72.2527,1.00,0.000075,SnakeCollision,4,123,178.7266,332.0981,30.7163,1227.2224,0.032,0.016,0.097,0.823,0.032,0.000,7
20260223-8f3254f7,20260222-43087b1b,22209,116,695.58,0.0800,41.7296,1.00,0.000075,SnakeCollision,4,61,166.8888,340.3700,22.1136,598.3188,0.009,0.017,0.095,0.802,0.078,0.000,7
20260223-8f3254f7,20260222-43087b1b,22210,635,10333.88,0.0800,134.7871,1.00,0.000075,SnakeCollision,4,478,166.9283,339.3106,34.0408,2734.1152,0.003,0.030,0.191,0.665,0.109,0.003,7
20260223-8f3254f7,20260222-43087b1b,22211,118,329.57,0.0800,134.7871,1.00,0.000075,SnakeCollision,4,45,166.9283,339.3106,34.0408,2734.1152,0.000,0.034,0.144,0.542,0.271,0.008,7
20260223-8f3254f7,20260222-43087b1b,22212,60,36.14,0.0800,134.7871,1.00,0.000075,SnakeCollision,4,15,166.9283,339.3106,34.0408,2734.1152,0.017,0.033,0.450,0.333,0.167,0.000,7
20260223-8f3254f7,20260222-43087b1b,22213,116,667.41,0.0800,86.5088,1.00,0.000075,SnakeCollision,4,76,160.4044,311.0427,31.1208,728.9849,0.009,0.017,0.164,0.750,0.060,0.000,7
20260223-8f3254f7,20260222-43087b1b,22214,122,833.53,0.0800,76.5367,1.00,0.000075,SnakeCollision,4,106,159.5894,337.0085,31.0505,856.6168,0.016,0.049,0.090,0.746,0.082,0.016,8
20260223-8f3254f7,20260222-43087b1b,22215,119,1040.62,0.0800,76.5367,1.00,0.000075,SnakeCollision,4,107,159.5894,337.0085,31.0505,856.6168,0.000,0.025,0.143,0.815,0.017,0.000,8
20260223-8f3254f7,20260222-43087b1b,22216,61,80.74,0.0800,76.5367,1.00,0.000075,SnakeCollision,4,15,159.5894,337.0085,31.0505,856.6168,0.000,0.098,0.148,0.689,0.049,0.016,8
20260223-8f3254f7,20260222-43087b1b,22217,62,327.61,0.0800,76.5367,1.00,0.000075,SnakeCollision,4,61,159.5894,337.0085,31.0505,856.6168,0.000,0.016,0.097,0.871,0.016,0.000,8
20260223-8f3254f7,20260222-43087b1b,22218,32,16.69,0.0800,83.0158,1.00,0.000075,SnakeCollision,4,15,168.0076,331.3238,27.9974,654.1633,0.000,0.000,0.438,0.469,0.094,0.000,8
20260223-8f3254f7,20260222-43087b1b,22219,93,2839.36,0.0800,136.0943,1.00,0.000075,SnakeCollision,4,224,152.5142,323.0623,33.8252,902.3228,0.000,0.022,0.140,0.753,0.086,0.000,8
20260223-8f3254f7,20260222-43087b1b,22220,34,38.08,0.0800,78.5429,1.00,0.000075,SnakeCollision,4,15,148.5376,329.4681,35.5780,530.6343,0.000,0.000,0.353,0.412,0.235,0.000,8
20260223-8f3254f7,20260222-43087b1b,22221,35,-6.03,0.0800,44.6879,1.00,0.000075,SnakeCollision,4,15,159.9314,320.0323,34.4112,298.9577,0.000,0.029,0.486,0.371,0.086,0.029,8
20260223-8f3254f7,20260222-43087b1b,22222,4,-10.12,0.0800,215.1411,1.00,0.000075,SnakeCollision,4,30,171.1953,319.8296,43.8721,1952.5345,0.000,0.000,0.250,0.500,0.250,0.000,8
20260223-8f3254f7,20260222-43087b1b,22223,37,104.91,0.0800,215.1411,1.00,0.000075,SnakeCollision,4,45,171.1953,319.8296,43.8721,1952.5345,0.000,0.000,0.135,0.649,0.216,0.000,8
20260223-8f3254f7,20260222-43087b1b,22224,208,2238.22,0.0800,218.2827,1.00,0.000075,SnakeCollision,4,155,170.4809,316.1527,28.4384,4066.4573,0.005,0.038,0.091,0.788,0.077,0.000,7
20260223-8f3254f7,20260222-43087b1b,22225,209,2674.25,0.0800,56.7559,1.00,0.000075,SnakeCollision,4,171,172.2780,337.8227,35.6481,791.9225,0.010,0.024,0.120,0.837,0.010,0.000,7
20260223-8f3254f7,20260222-43087b1b,22226,114,974.92,0.0800,124.4812,1.00,0.000075,SnakeCollision,4,123,184.9728,338.5312,32.1968,3670.2939,0.000,0.035,0.246,0.658,0.053,0.009,7
20260223-8f3254f7,20260222-43087b1b,22227,116,522.56,0.0800,75.7581,1.00,0.000075,SnakeCollision,4,45,178.1988,338.9491,36.4570,943.4064,0.009,0.000,0.086,0.871,0.034,0.000,7
20260223-8f3254f7,20260222-43087b1b,22228,4,-48.67,0.0800,153.2633,1.00,0.000075,SnakeCollision,4,0,159.6263,334.3668,29.4840,1258.6738,0.000,0.000,0.250,0.750,0.000,0.000,7
20260223-8f3254f7,20260222-43087b1b,22229,115,444.21,0.0800,153.2633,1.00,0.000075,SnakeCollision,4,45,159.6263,334.3668,29.4840,1258.6738,0.009,0.035,0.122,0.826,0.009,0.000,7
20260223-8f3254f7,20260222-43087b1b,22230,152,1234.65,0.0800,267.5251,1.00,0.000075,SnakeCollision,4,107,191.1808,310.7992,37.1499,3568.2310,0.013,0.026,0.112,0.783,0.066,0.000,7
20260223-8f3254f7,20260222-43087b1b,22231,343,8719.34,0.0800,38.1656,1.00,0.000075,SnakeCollision,4,369,166.0350,322.9774,23.1997,1071.7008,0.003,0.020,0.152,0.743,0.076,0.006,7
20260223-8f3254f7,20260222-43087b1b,22232,193,3085.22,0.0800,165.5486,1.00,0.000075,SnakeCollision,4,219,191.7555,325.0505,33.0786,2015.6689,0.005,0.016,0.119,0.824,0.036,0.000,7
20260223-8f3254f7,20260222-43087b1b,22233,46,165.69,0.0800,115.5531,1.00,0.000075,SnakeCollision,4,61,168.7524,334.6242,27.1688,1047.6229,0.000,0.022,0.370,0.565,0.043,0.000,7
20260223-8f3254f7,20260222-43087b1b,22234,6,-44.34,0.0800,92.2621,1.00,0.000075,SnakeCollision,4,0,151.2250,327.6906,22.2377,2313.8008,0.000,0.000,0.667,0.333,0.000,0.000,7
20260223-8f3254f7,20260222-43087b1b,22235,200,339.90,0.0800,92.2621,1.00,0.000075,SnakeCollision,4,30,151.2250,327.6906,22.2377,2313.8008,0.020,0.020,0.195,0.560,0.195,0.010,7
20260223-8f3254f7,20260222-43087b1b,22236,201,2860.44,0.0800,92.2621,1.00,0.000075,SnakeCollision,4,187,151.2250,327.6906,22.2377,2313.8008,0.005,0.050,0.109,0.731,0.100,0.005,7
20260223-8f3254f7,20260222-43087b1b,22237,107,699.93,0.0800,99.6516,1.00,0.000075,SnakeCollision,4,61,169.8681,354.9308,33.1011,1044.1091,0.000,0.009,0.103,0.252,0.636,0.000,8
20260223-8f3254f7,20260222-43087b1b,22238,101,802.32,0.0800,99.6516,1.00,0.000075,SnakeCollision,4,107,169.8681,354.9308,33.1011,1044.1091,0.000,0.030,0.129,0.842,0.000,0.000,8
20260223-8f3254f7,20260222-43087b1b,22239,417,9840.74,0.0800,99.6516,1.00,0.000075,SnakeCollision,4,649,169.8681,354.9308,33.1011,1044.1091,0.010,0.041,0.118,0.748,0.074,0.010,8
20260223-8f3254f7,20260222-43087b1b,22240,100,705.68,0.0800,99.6516,1.00,0.000075,SnakeCollision,4,108,169.8681,354.9308,33.1011,1044.1091,0.010,0.010,0.180,0.740,0.050,0.010,8
20260223-8f3254f7,20260222-43087b1b,22241,484,12554.24,0.0800,135.3234,1.00,0.000075,SnakeCollision,4,404,171.4226,338.3716,33.3873,1791.2924,0.004,0.021,0.143,0.800,0.033,0.000,8
20260223-8f3254f7,20260222-43087b1b,22242,283,2164.48,0.0800,152.9194,1.00,0.000075,SnakeCollision,4,153,178.8887,319.8482,38.6482,1605.1095,0.011,0.021,0.226,0.622,0.110,0.011,8
20260223-8f3254f7,20260222-43087b1b,22243,184,1213.07,0.0800,90.0415,1.00,0.000075,SnakeCollision,4,123,184.3995,335.4885,32.5569,1533.9327,0.005,0.065,0.196,0.614,0.114,0.005,8
20260223-8f3254f7,20260222-43087b1b,22244,185,1522.54,0.0800,70.4316,1.00,0.000075,SnakeCollision,4,139,168.5443,386.7571,24.5700,1161.2017,0.000,0.043,0.173,0.703,0.065,0.016,8
20260223-8f3254f7,20260222-43087b1b,22245,2,-46.94,0.0800,90.5901,1.00,0.000075,SnakeCollision,4,0,187.0245,330.1216,31.4417,879.0176,0.000,0.000,0.500,0.000,0.500,0.000,8
20260223-8f3254f7,20260222-43087b1b,22246,188,808.47,0.0800,122.4545,1.00,0.000075,SnakeCollision,4,107,172.1701,312.8822,33.8768,1168.2219,0.016,0.032,0.191,0.628,0.122,0.011,8
20260223-8f3254f7,20260222-43087b1b,22247,18,6.05,0.0800,126.3329,1.00,0.000075,SnakeCollision,4,15,186.0460,338.1010,26.6137,2760.6562,0.000,0.111,0.056,0.500,0.333,0.000,7
20260223-8f3254f7,20260222-43087b1b,22248,302,2244.36,0.0800,77.3359,1.00,0.000075,SnakeCollision,4,138,176.9112,309.3311,32.7157,426.3083,0.003,0.023,0.159,0.715,0.089,0.010,7
20260223-8f3254f7,20260222-43087b1b,22249,203,1131.67,0.0800,33.3467,1.00,0.000075,SnakeCollision,4,76,173.9417,323.5171,25.3253,517.7371,0.010,0.010,0.177,0.645,0.158,0.000,7
20260223-8f3254f7,20260222-43087b1b,22250,35,116.30,0.0800,174.7206,1.00,0.000075,SnakeCollision,4,45,168.8807,319.7814,33.8874,2788.1892,0.000,0.057,0.200,0.600,0.114,0.029,6
20260223-8f3254f7,20260222-43087b1b,22251,57,75.15,0.0800,160.5424,1.00,0.000075,SnakeCollision,4,15,165.7846,330.5362,33.6125,3137.6724,0.000,0.000,0.263,0.649,0.088,0.000,6
20260223-8f3254f7,20260222-43087b1b,22252,105,491.72,0.0800,104.7156,1.00,0.000075,SnakeCollision,4,45,189.9175,340.9648,27.4068,2272.1240,0.019,0.029,0.181,0.457,0.305,0.010,6
20260223-8f3254f7,20260222-43087b1b,22253,179,1695.02,0.0800,76.1721,1.00,0.000075,SnakeCollision,4,107,188.5235,322.2220,36.8581,535.9488,0.000,0.034,0.162,0.743,0.056,0.006,7
20260223-8f3254f7,20260222-43087b1b,22254,177,789.55,0.0800,76.1721,1.00,0.000075,SnakeCollision,4,45,188.5235,322.2220,36.8581,535.9488,0.000,0.028,0.124,0.814,0.034,0.000,7
20260223-8f3254f7,20260222-43087b1b,22255,380,3315.24,0.0800,76.1721,1.00,0.000075,SnakeCollision,4,245,188.5235,322.2220,36.8581,535.9488,0.003,0.042,0.129,0.745,0.076,0.005,7
20260223-8f3254f7,20260222-43087b1b,22256,80,515.84,0.0800,158.9845,1.00,0.000075,SnakeCollision,4,92,162.1101,358.0163,35.5255,2612.2949,0.000,0.013,0.237,0.738,0.013,0.000,8
20260223-8f3254f7,20260222-43087b1b,22257,80,425.84,0.0800,158.9845,1.00,0.000075,SnakeCollision,4,76,162.1101,358.0163,35.5255,2612.2949,0.000,0.013,0.225,0.675,0.087,0.000,8
20260223-8f3254f7,20260222-43087b1b,22258,258,2560.79,0.0800,158.9845,1.00,0.000075,SnakeCollision,4,154,162.1101,358.0163,35.5255,2612.2949,0.008,0.027,0.105,0.791,0.062,0.008,8
20260223-8f3254f7,20260222-43087b1b,22259,80,288.03,0.0800,158.9845,1.00,0.000075,SnakeCollision,4,45,162.1101,358.0163,35.5255,2612.2949,0.013,0.025,0.287,0.500,0.163,0.013,8
20260223-8f3254f7,20260222-43087b1b,22260,260,4426.87,0.0800,82.0662,1.00,0.000075,SnakeCollision,4,219,196.9841,314.6882,34.5418,1164.0188,0.008,0.012,0.135,0.800,0.046,0.000,8
20260223-8f3254f7,20260222-43087b1b,22261,181,2418.60,0.0800,120.4267,1.00,0.000075,SnakeCollision,4,171,208.3832,338.9156,24.8610,1218.2598,0.017,0.006,0.122,0.834,0.022,0.000,8
20260223-8f3254f7,20260222-43087b1b,22262,16,-39.02,0.0800,48.9329,1.00,0.000075,SnakeCollision,4,0,187.9750,330.1685,31.7126,702.6860,0.000,0.000,0.625,0.250,0.125,0.000,8
20260223-8f3254f7,20260222-43087b1b,22263,197,800.28,0.0800,96.5866,1.00,0.000075,SnakeCollision,4,91,188.2894,327.4384,43.8896,751.0878,0.010,0.041,0.218,0.543,0.173,0.015,8
20260223-8f3254f7,20260222-43087b1b,22264,197,2155.02,0.0800,96.5866,1.00,0.000075,SnakeCollision,4,187,188.2894,327.4384,43.8896,751.0878,0.000,0.020,0.081,0.848,0.051,0.000,8
20260223-8f3254f7,20260222-43087b1b,22265,19,47.81,0.0800,80.9830,1.00,0.000075,SnakeCollision,4,30,179.5294,328.2701,22.3225,530.6427,0.000,0.000,0.000,0.947,0.053,0.000,8
20260223-8f3254f7,20260222-43087b1b,22266,279,4341.10,0.0800,80.9830,1.00,0.000075,SnakeCollision,4,284,179.5294,328.2701,22.3225,530.6427,0.011,0.011,0.125,0.803,0.047,0.004,8
20260223-8f3254f7,20260222-43087b1b,22267,313,5160.35,0.0800,36.0563,1.00,0.000075,SnakeCollision,4,285,188.6965,324.0572,27.4877,417.7058,0.003,0.013,0.163,0.786,0.035,0.000,8
20260223-8f3254f7,20260222-43087b1b,22268,117,368.23,0.0800,184.5447,1.00,0.000075,SnakeCollision,4,45,188.7470,328.1498,34.9491,1225.2610,0.026,0.017,0.145,0.701,0.103,0.009,8
20260223-8f3254f7,20260222-43087b1b,22269,119,485.95,0.0800,57.1188,1.00,0.000075,SnakeCollision,4,120,175.3797,315.8064,25.7650,1313.3939,0.034,0.042,0.134,0.723,0.059,0.008,8
20260223-8f3254f7,20260222-43087b1b,22270,264,2029.55,0.0800,89.2138,1.00,0.000075,SnakeCollision,4,184,195.8893,334.1759,34.6768,1565.0861,0.008,0.042,0.102,0.682,0.159,0.008,8
20260223-8f3254f7,20260222-43087b1b,22271,207,761.66,0.0800,135.1849,1.00,0.000075,SnakeCollision,4,212,172.4411,340.8840,25.0648,4277.1396,0.000,0.048,0.159,0.686,0.101,0.005,8
20260223-8f3254f7,20260222-43087b1b,22272,535,14682.00,0.0800,101.3342,1.00,0.000075,SnakeCollision,4,439,207.1062,351.7776,31.2320,2391.6841,0.006,0.022,0.144,0.751,0.077,0.000,8
20260223-8f3254f7,20260222-43087b1b,22273,811,22012.97,0.0800,26.1533,1.00,0.000075,SnakeCollision,4,743,195.8177,351.2000,30.5197,495.9529,0.002,0.026,0.178,0.746,0.044,0.004,8
20260223-8f3254f7,20260222-43087b1b,22274,338,2584.55,0.0800,26.1533,1.00,0.000075,SnakeCollision,4,216,195.8177,351.2000,30.5197,495.9529,0.006,0.036,0.121,0.775,0.056,0.006,8
20260223-8f3254f7,20260222-43087b1b,22275,221,2293.21,0.0800,26.1533,1.00,0.000075,SnakeCollision,4,187,195.8177,351.2000,30.5197,495.9529,0.005,0.014,0.131,0.738,0.104,0.009,8
20260223-8f3254f7,20260222-43087b1b,22276,215,1448.15,0.0800,88.8612,1.00,0.000075,SnakeCollision,4,92,197.4928,335.2212,19.2266,1075.2286,0.000,0.019,0.140,0.795,0.047,0.000,8
20260223-8f3254f7,20260222-43087b1b,22277,336,5156.91,0.0800,59.2613,1.00,0.000075,SnakeCollision,4,219,176.5362,344.1849,30.4836,705.5665,0.018,0.015,0.229,0.679,0.051,0.009,8
20260223-8f3254f7,20260222-43087b1b,22278,350,2797.36,0.0800,232.6826,1.00,0.000075,SnakeCollision,4,569,197.0568,326.6284,43.5264,2597.4946,0.014,0.034,0.149,0.717,0.083,0.003,8
20260223-8f3254f7,20260222-43087b1b,22279,690,11939.87,0.0800,84.2536,1.00,0.000075,SnakeCollision,4,334,201.1298,353.2876,30.5067,2192.6350,0.009,0.023,0.158,0.736,0.067,0.007,8
20260223-8f3254f7,20260222-43087b1b,22280,370,1016.49,0.0800,101.2067,1.00,0.000075,SnakeCollision,4,300,176.6472,346.4961,32.1386,2824.7439,0.014,0.046,0.141,0.708,0.086,0.005,8
20260223-8f3254f7,20260222-43087b1b,22281,62,513.28,0.0800,74.9477,1.00,0.000075,SnakeCollision,4,92,190.1131,326.1192,30.8459,609.5154,0.048,0.016,0.065,0.839,0.032,0.000,8
20260223-8f3254f7,20260222-43087b1b,22282,415,4402.06,0.0800,80.4917,1.00,0.000075,SnakeCollision,4,123,204.9906,335.5806,27.7511,2436.8826,0.027,0.014,0.171,0.718,0.070,0.000,7
20260223-8f3254f7,20260222-43087b1b,22283,29,40.87,0.0800,80.4917,1.00,0.000075,SnakeCollision,4,30,204.9906,335.5806,27.7511,2436.8826,0.000,0.000,0.103,0.759,0.138,0.000,7
20260223-8f3254f7,20260222-43087b1b,22284,186,509.56,0.0800,68.0357,1.00,0.000075,SnakeCollision,4,105,187.1064,344.9706,22.9806,1313.0559,0.011,0.043,0.129,0.640,0.172,0.005,7
20260223-8f3254f7,20260222-43087b1b,22285,3,-48.54,0.0800,118.9290,1.00,0.000075,SnakeCollision,4,0,187.3112,328.1939,34.1210,1111.2008,0.000,0.000,0.000,0.333,0.667,0.000,7
20260223-8f3254f7,20260222-43087b1b,22286,215,2749.18,0.0800,274.3889,1.00,0.000075,SnakeCollision,4,187,192.6794,351.8717,35.2360,3572.4111,0.009,0.042,0.126,0.777,0.042,0.005,7
20260223-8f3254f7,20260222-43087b1b,22287,166,242.53,0.0800,274.3889,1.00,0.000075,SnakeCollision,4,45,192.6794,351.8717,35.2360,3572.4111,0.000,0.060,0.211,0.596,0.120,0.012,7
20260223-8f3254f7,20260222-43087b1b,22288,872,19661.09,0.0800,213.2013,1.00,0.000075,SnakeCollision,4,557,157.3410,319.4982,36.1301,2785.8635,0.016,0.050,0.127,0.714,0.087,0.005,8
20260223-8f3254f7,20260222-43087b1b,22289,251,765.67,0.0800,213.2013,1.00,0.000075,SnakeCollision,4,258,157.3410,319.4982,36.1301,2785.8635,0.012,0.040,0.104,0.729,0.108,0.008,8
20260223-8f3254f7,20260222-43087b1b,22290,85,702.09,0.0800,213.2013,1.00,0.000075,SnakeCollision,4,92,157.3410,319.4982,36.1301,2785.8635,0.012,0.024,0.141,0.800,0.024,0.000,8
20260223-8f3254f7,20260222-43087b1b,22291,304,2619.10,0.0800,201.3677,1.00,0.000075,SnakeCollision,4,170,199.9543,325.7061,32.2578,3579.0349,0.016,0.039,0.128,0.743,0.053,0.020,8
20260223-8f3254f7,20260222-43087b1b,22292,303,4952.64,0.0800,77.4623,1.00,0.000075,SnakeCollision,4,252,193.1071,338.2449,34.4151,1821.3022,0.003,0.013,0.116,0.848,0.020,0.000,8
20260223-8f3254f7,20260222-43087b1b,22293,55,234.63,0.0800,288.3287,1.00,0.000075,SnakeCollision,4,61,217.9626,334.4373,34.8385,3333.4854,0.000,0.091,0.164,0.709,0.036,0.000,8
20260223-8f3254f7,20260222-43087b1b,22294,140,197.66,0.0800,165.5906,1.00,0.000075,SnakeCollision,4,30,193.8759,344.3095,41.1777,2554.1592,0.000,0.129,0.129,0.514,0.214,0.014,8
20260223-8f3254f7,20260222-43087b1b,22295,140,-43.65,0.0800,165.5906,1.00,0.000075,SnakeCollision,4,0,193.8759,344.3095,41.1777,2554.1592,0.014,0.043,0.136,0.486,0.321,0.000,8
20260223-8f3254f7,20260222-43087b1b,22296,3,-43.98,0.0800,112.9593,1.00,0.000075,SnakeCollision,4,0,180.9553,328.6754,44.1719,672.2769,0.000,0.333,0.000,0.667,0.000,0.000,8
20260223-8f3254f7,20260222-43087b1b,22297,2,-50.86,0.0800,112.9593,1.00,0.000075,SnakeCollision,4,0,180.9553,328.6754,44.1719,672.2769,0.000,0.000,0.000,0.000,1.000,0.000,8
20260223-8f3254f7,20260222-43087b1b,22298,61,333.54,0.0800,279.3200,1.00,0.000075,SnakeCollision,4,107,191.7631,327.3498,43.7357,4573.1177,0.016,0.000,0.115,0.836,0.033,0.000,7
20260223-8f3254f7,20260222-43087b1b,22299,6,-39.26,0.0800,155.5700,1.00,0.000075,SnakeCollision,4,0,169.8461,323.7608,35.0368,4277.2432,0.000,0.000,0.167,0.333,0.500,0.000,7
20260223-8f3254f7,20260222-43087b1b,22300,6,-44.08,0.0800,206.7059,1.00,0.000075,SnakeCollision,4,0,173.5433,309.9012,35.6409,3353.8032,0.000,0.000,0.167,0.833,0.000,0.000,7
20260223-8f3254f7,20260222-43087b1b,22301,3,-28.30,0.0800,243.7199,1.00,0.000075,SnakeCollision,4,15,178.3010,338.3198,37.8924,4864.0029,0.000,0.000,0.000,1.000,0.000,0.000,6
20260223-8f3254f7,20260222-43087b1b,22302,139,1313.10,0.0800,56.5770,1.00,0.000075,SnakeCollision,4,122,187.6137,345.0676,25.8501,511.3864,0.007,0.050,0.079,0.820,0.036,0.007,7
20260223-8f3254f7,20260222-43087b1b,22303,147,1820.01,0.0800,60.5527,1.00,0.000075,SnakeCollision,4,155,184.0090,332.5752,33.3673,574.6932,0.000,0.014,0.129,0.830,0.020,0.007,7
20260223-8f3254f7,20260222-43087b1b,22304,141,412.41,0.0800,60.5527,1.00,0.000075,SnakeCollision,4,45,184.0090,332.5752,33.3673,574.6932,0.000,0.043,0.206,0.631,0.121,0.000,7
20260223-8f3254f7,20260222-43087b1b,22305,139,725.06,0.0800,60.5527,1.00,0.000075,SnakeCollision,4,107,184.0090,332.5752,33.3673,574.6932,0.007,0.036,0.151,0.712,0.094,0.000,7
20260223-8f3254f7,20260222-43087b1b,22306,202,1052.17,0.0800,229.0502,1.00,0.000075,SnakeCollision,4,136,193.5430,373.4485,33.3612,2251.6577,0.010,0.059,0.064,0.604,0.252,0.010,8
20260223-8f3254f7,20260222-43087b1b,22307,52,202.53,0.0800,229.0502,1.00,0.000075,SnakeCollision,4,45,193.5430,373.4485,33.3612,2251.6577,0.000,0.019,0.077,0.846,0.058,0.000,8
20260223-8f3254f7,20260222-43087b1b,22308,54,20.58,0.0800,220.4753,1.00,0.000075,SnakeCollision,4,0,188.7080,333.3056,31.0942,1771.4314,0.000,0.130,0.111,0.389,0.333,0.037,8
20260223-8f3254f7,20260222-43087b1b,22309,66,264.03,0.0800,40.8105,1.00,0.000075,SnakeCollision,4,45,193.6928,330.4116,19.8799,1756.1995,0.015,0.000,0.182,0.727,0.076,0.000,8
20260223-8f3254f7,20260222-43087b1b,22310,208,3219.54,0.0800,211.3594,1.00,0.000075,SnakeCollision,4,219,188.5619,344.0252,44.5111,1551.9788,0.005,0.048,0.120,0.721,0.101,0.005,8
20260223-8f3254f7,20260222-43087b1b,22311,355,3228.34,0.0800,57.6364,1.00,0.000075,SnakeCollision,4,307,177.2136,358.3946,25.1922,1675.5211,0.017,0.051,0.073,0.803,0.048,0.008,8
20260223-8f3254f7,20260222-43087b1b,22312,157,2289.13,0.0800,57.6364,1.00,0.000075,SnakeCollision,4,171,177.2136,358.3946,25.1922,1675.5211,0.006,0.013,0.102,0.783,0.096,0.000,8
20260223-8f3254f7,20260222-43087b1b,22313,2,-50.22,0.0800,88.7482,1.00,0.000075,SnakeCollision,4,0,184.4112,366.9794,33.7980,1536.3079,0.000,0.000,0.500,0.000,0.500,0.000,8
20260223-8f3254f7,20260222-43087b1b,22314,212,2348.48,0.0800,88.7482,1.00,0.000075,SnakeCollision,4,153,184.4112,366.9794,33.7980,1536.3079,0.005,0.019,0.118,0.788,0.066,0.005,8
20260223-8f3254f7,20260222-43087b1b,22315,158,1157.96,0.0800,86.1226,1.00,0.000075,SnakeCollision,4,92,207.5874,332.7269,31.5505,1353.4387,0.006,0.032,0.051,0.816,0.095,0.000,8
20260223-8f3254f7,20260222-43087b1b,22316,317,1511.17,0.0800,156.1703,1.00,0.000075,SnakeCollision,4,106,195.9483,328.6994,25.7682,4547.2793,0.013,0.054,0.107,0.738,0.079,0.009,8
20260223-8f3254f7,20260222-43087b1b,22317,266,4016.95,0.0800,160.5874,1.00,0.000075,SnakeCollision,4,219,196.9641,345.3957,37.1763,2282.4026,0.011,0.045,0.053,0.850,0.041,0.000,8
20260223-8f3254f7,20260222-43087b1b,22318,107,263.30,0.0800,160.5874,1.00,0.000075,SnakeCollision,4,60,196.9641,345.3957,37.1763,2282.4026,0.000,0.084,0.168,0.645,0.084,0.019,8
20260223-8f3254f7,20260222-43087b1b,22319,109,494.50,0.0800,160.5874,1.00,0.000075,SnakeCollision,4,61,196.9641,345.3957,37.1763,2282.4026,0.018,0.064,0.064,0.789,0.055,0.009,8
20260223-8f3254f7,20260222-43087b1b,22320,395,2844.27,0.0800,75.4600,1.00,0.000075,SnakeCollision,4,214,201.6578,333.7313,29.2161,1142.5981,0.010,0.081,0.068,0.767,0.068,0.005,8
20260223-8f3254f7,20260222-43087b1b,22321,288,-39.72,0.0800,47.6443,1.00,0.000075,SnakeCollision,4,45,202.4554,343.2429,18.4438,787.8643,0.021,0.080,0.163,0.472,0.247,0.017,8
20260223-8f3254f7,20260222-43087b1b,22322,396,8560.89,0.0800,47.6443,1.00,0.000075,SnakeCollision,4,303,202.4554,343.2429,18.4438,787.8643,0.028,0.038,0.154,0.747,0.030,0.003,8
20260223-8f3254f7,20260222-43087b1b,22323,532,11676.89,0.0800,172.2799,1.00,0.000075,SnakeCollision,4,511,187.5315,345.0858,32.2466,1846.0176,0.013,0.043,0.173,0.697,0.066,0.008,8
20260223-8f3254f7,20260222-43087b1b,22324,332,3251.79,0.0800,105.6966,1.00,0.000075,SnakeCollision,4,185,201.9827,343.1481,40.6934,634.8000,0.024,0.042,0.145,0.726,0.057,0.006,8
20260223-8f3254f7,20260222-43087b1b,22325,44,104.18,0.0800,105.6966,1.00,0.000075,SnakeCollision,4,30,201.9827,343.1481,40.6934,634.8000,0.045,0.045,0.136,0.659,0.091,0.023,8
20260223-8f3254f7,20260222-43087b1b,22326,442,6492.43,0.0800,307.4215,1.00,0.000075,SnakeCollision,4,299,188.9264,341.7299,40.6097,2006.7340,0.016,0.061,0.106,0.715,0.095,0.007,8
20260223-8f3254f7,20260222-43087b1b,22327,333,2229.54,0.0800,307.4215,1.00,0.000075,SnakeCollision,4,199,188.9264,341.7299,40.6097,2006.7340,0.003,0.087,0.108,0.712,0.078,0.012,8
20260223-8f3254f7,20260222-43087b1b,22328,75,348.04,0.0800,70.8865,1.00,0.000075,SnakeCollision,4,45,188.9270,347.0473,22.0771,1480.9563,0.000,0.013,0.120,0.747,0.120,0.000,8
20260223-8f3254f7,20260222-43087b1b,22329,75,401.86,0.0800,194.1628,1.00,0.000075,SnakeCollision,4,45,189.5256,375.7136,30.2167,2285.2800,0.013,0.013,0.107,0.827,0.027,0.013,8
20260223-8f3254f7,20260222-43087b1b,22330,119,629.86,0.0800,194.1628,1.00,0.000075,SnakeCollision,4,61,189.5256,375.7136,30.2167,2285.2800,0.000,0.008,0.160,0.681,0.151,0.000,8
20260223-8f3254f7,20260222-43087b1b,22331,75,377.67,0.0800,194.1628,1.00,0.000075,SnakeCollision,4,61,189.5256,375.7136,30.2167,2285.2800,0.040,0.000,0.067,0.827,0.067,0.000,8
20260223-8f3254f7,20260222-43087b1b,22332,409,2220.33,0.0800,99.9491,1.00,0.000075,SnakeCollision,4,152,178.0729,336.1335,34.9269,943.6458,0.012,0.076,0.142,0.619,0.144,0.007,8
20260223-8f3254f7,20260222-43087b1b,22333,75,96.03,0.0800,99.9491,1.00,0.000075,SnakeCollision,4,15,178.0729,336.1335,34.9269,943.6458,0.000,0.053,0.187,0.600,0.147,0.013,8
20260223-8f3254f7,20260222-43087b1b,22334,75,176.19,0.0800,99.9491,1.00,0.000075,SnakeCollision,4,60,178.0729,336.1335,34.9269,943.6458,0.027,0.080,0.147,0.707,0.013,0.027,8
20260223-8f3254f7,20260222-43087b1b,22335,1,-50.00,0.0800,196.0634,1.00,0.000075,SnakeCollision,4,0,193.7360,341.3077,38.9693,3861.6641,0.000,0.000,0.000,1.000,0.000,0.000,8
20260223-8f3254f7,20260222-43087b1b,22336,4,-29.15,0.0800,95.1845,1.00,0.000075,SnakeCollision,4,15,206.2105,344.4404,30.2805,1302.3992,0.000,0.000,0.250,0.500,0.250,0.000,8
20260223-8f3254f7,20260222-43087b1b,22337,3,-44.74,0.0800,145.7637,1.00,0.000075,SnakeCollision,4,0,176.0170,335.4648,26.3195,2339.7656,0.000,0.333,0.333,0.000,0.333,0.000,8
20260223-8f3254f7,20260222-43087b1b,22338,4,-29.44,0.0800,177.5905,1.00,0.000075,SnakeCollision,4,15,192.0175,346.6370,38.7452,1063.0762,0.000,0.250,0.250,0.250,0.250,0.000,7
20260223-8f3254f7,20260222-43087b1b,22339,5,22.47,0.0800,177.5905,1.00,0.000075,SnakeCollision,4,45,192.0175,346.6370,38.7452,1063.0762,0.000,0.000,0.000,0.800,0.200,0.000,7
20260223-8f3254f7,20260222-43087b1b,22340,12,-42.69,0.0800,93.1862,1.00,0.000075,SnakeCollision,4,0,188.9164,357.6901,33.5774,1057.3597,0.167,0.333,0.250,0.083,0.167,0.000,7
20260223-8f3254f7,20260222-43087b1b,22341,136,589.62,0.0800,115.9109,1.00,0.000075,SnakeCollision,4,121,193.2954,347.6408,38.6617,1735.8250,0.000,0.037,0.176,0.662,0.118,0.007,7
20260223-8f3254f7,20260222-43087b1b,22342,4,-29.35,0.0800,170.8801,1.00,0.000075,SnakeCollision,4,15,195.4331,351.3683,44.5527,2884.4041,0.000,0.000,0.000,0.750,0.250,0.000,6
20260223-8f3254f7,20260222-43087b1b,22343,153,2715.40,0.0800,74.8004,1.00,0.000075,SnakeCollision,4,219,190.2174,335.1387,27.8963,2089.4937,0.007,0.026,0.118,0.810,0.033,0.007,7
20260223-8f3254f7,20260222-43087b1b,22344,153,399.46,0.0800,74.8004,1.00,0.000075,SnakeCollision,4,45,190.2174,335.1387,27.8963,2089.4937,0.013,0.046,0.150,0.549,0.229,0.013,7
20260223-8f3254f7,20260222-43087b1b,22345,30,48.54,0.0800,106.7548,1.00,0.000075,SnakeCollision,4,15,181.9848,353.9663,40.9126,1995.9830,0.033,0.033,0.333,0.367,0.233,0.000,7
20260223-8f3254f7,20260222-43087b1b,22346,168,305.78,0.0800,220.5574,1.00,0.000075,SnakeCollision,4,90,193.7498,348.5137,39.7664,2999.7021,0.012,0.077,0.107,0.690,0.107,0.006,7
20260223-8f3254f7,20260222-43087b1b,22347,204,1650.13,0.0800,186.5477,1.00,0.000075,SnakeCollision,4,139,201.2303,339.9511,35.4755,2193.2021,0.034,0.029,0.108,0.706,0.108,0.015,7
20260223-8f3254f7,20260222-43087b1b,22348,147,807.02,0.0800,83.0119,1.00,0.000075,SnakeCollision,4,76,201.6859,375.8734,31.2426,1121.9659,0.014,0.082,0.116,0.673,0.116,0.000,8
20260223-8f3254f7,20260222-43087b1b,22349,178,956.06,0.0800,83.0119,1.00,0.000075,SnakeCollision,4,76,201.6859,375.8734,31.2426,1121.9659,0.011,0.112,0.135,0.607,0.135,0.000,8
20260223-8f3254f7,20260222-43087b1b,22350,327,1341.55,0.0800,83.0119,1.00,0.000075,SnakeCollision,4,90,201.6859,375.8734,31.2426,1121.9659,0.021,0.064,0.135,0.618,0.153,0.009,8
20260223-8f3254f7,20260222-43087b1b,22351,122,453.43,0.0800,83.0119,1.00,0.000075,SnakeCollision,4,60,201.6859,375.8734,31.2426,1121.9659,0.041,0.107,0.180,0.590,0.074,0.008,8
20260223-8f3254f7,20260222-43087b1b,22352,179,678.06,0.0800,83.0119,1.00,0.000075,SnakeCollision,4,45,201.6859,375.8734,31.2426,1121.9659,0.006,0.095,0.156,0.520,0.223,0.000,8
20260223-8f3254f7,20260222-43087b1b,22353,146,1514.80,0.0800,166.0761,1.00,0.000075,SnakeCollision,4,139,202.1480,343.7222,33.9154,2925.3372,0.027,0.034,0.130,0.726,0.082,0.000,8
20260223-8f3254f7,20260222-43087b1b,22354,147,224.86,0.0800,132.9040,1.00,0.000075,SnakeCollision,4,60,172.3566,345.9609,32.5682,1654.5776,0.020,0.061,0.143,0.558,0.204,0.014,8
20260223-8f3254f7,20260222-43087b1b,22355,296,4582.42,0.0800,147.0956,1.00,0.000075,SnakeCollision,4,252,186.0732,358.6254,34.4521,3438.5947,0.010,0.041,0.098,0.747,0.105,0.000,8
20260223-8f3254f7,20260222-43087b1b,22356,462,4879.20,0.0800,305.9465,1.00,0.000075,SnakeCollision,4,431,194.7343,352.0924,35.1169,2294.7239,0.017,0.082,0.110,0.682,0.104,0.004,8
20260223-8f3254f7,20260222-43087b1b,22357,3,-51.79,0.0800,150.9326,1.00,0.000075,SnakeCollision,4,0,195.5553,349.9220,34.8516,1774.3634,0.000,0.000,0.000,0.667,0.000,0.333,8
20260223-8f3254f7,20260222-43087b1b,22358,152,513.20,0.0800,87.9562,1.00,0.000075,SnakeCollision,4,106,194.9908,356.1654,31.3157,695.8903,0.013,0.105,0.132,0.678,0.066,0.007,8
20260223-8f3254f7,20260222-43087b1b,22359,4,-25.08,0.0800,173.2076,1.00,0.000075,SnakeCollision,4,15,172.1366,381.9329,32.5348,2655.1350,0.000,0.000,0.000,1.000,0.000,0.000,8
20260223-8f3254f7,20260222-43087b1b,22360,161,755.48,0.0800,64.7669,1.00,0.000075,SnakeCollision,4,214,176.5161,338.7062,35.2979,579.8179,0.006,0.062,0.230,0.559,0.124,0.019,8
20260223-8f3254f7,20260222-43087b1b,22361,165,1545.96,0.0800,64.7669,1.00,0.000075,SnakeCollision,4,123,176.5161,338.7062,35.2979,579.8179,0.030,0.024,0.091,0.806,0.042,0.006,8
20260223-8f3254f7,20260222-43087b1b,22362,200,558.03,0.0800,96.0966,1.00,0.000075,SnakeCollision,4,91,183.5990,345.1111,27.0581,3646.2847,0.020,0.100,0.090,0.520,0.265,0.005,8
20260223-8f3254f7,20260222-43087b1b,22363,207,2449.10,0.0800,148.1141,1.00,0.000075,SnakeCollision,4,187,191.3737,338.7760,30.4268,1376.4237,0.000,0.014,0.116,0.768,0.101,0.000,8
20260223-8f3254f7,20260222-43087b1b,22364,59,112.59,0.0800,194.9308,1.00,0.000075,SnakeCollision,4,30,173.7279,342.9591,32.2785,3147.9675,0.034,0.153,0.102,0.373,0.339,0.000,8
20260223-8f3254f7,20260222-43087b1b,22365,383,4903.35,0.0800,294.9057,1.00,0.000075,SnakeCollision,4,538,217.6488,835.3404,38.4704,3059.5178,0.016,0.050,0.141,0.715,0.073,0.005,8
20260223-8f3254f7,20260222-43087b1b,22366,404,6268.92,0.0800,110.2688,1.00,0.000075,SnakeCollision,4,285,203.9291,369.3701,33.7819,1533.3668,0.030,0.040,0.119,0.740,0.069,0.002,8
20260223-8f3254f7,20260222-43087b1b,22367,38,-8.74,0.0800,245.3673,1.00,0.000075,SnakeCollision,4,15,206.2855,792.0382,39.2059,2644.0527,0.026,0.000,0.184,0.658,0.105,0.026,8
20260223-8f3254f7,20260222-43087b1b,22368,421,2436.91,0.0800,161.8660,1.00,0.000075,SnakeCollision,4,230,206.2693,350.5482,32.5622,3237.4666,0.021,0.059,0.164,0.620,0.126,0.010,8
20260223-8f3254f7,20260222-43087b1b,22369,466,5017.97,0.0800,138.2023,1.00,0.000075,SnakeCollision,4,248,231.5534,841.9330,38.5004,1785.8931,0.026,0.043,0.118,0.725,0.079,0.009,8
20260223-8f3254f7,20260222-43087b1b,22370,58,119.96,0.0800,272.0774,1.00,0.000075,SnakeCollision,4,30,221.5367,824.0387,38.0965,7321.5029,0.017,0.069,0.103,0.603,0.190,0.017,8
20260223-8f3254f7,20260222-43087b1b,22371,57,165.56,0.0800,117.0837,1.00,0.000075,SnakeCollision,4,75,212.3961,642.9329,36.4675,960.1420,0.000,0.070,0.228,0.667,0.018,0.018,8
20260223-8f3254f7,20260222-43087b1b,22372,682,6551.29,0.0800,181.6288,1.00,0.000075,SnakeCollision,4,420,222.6343,725.5648,31.9290,3641.2490,0.016,0.066,0.150,0.698,0.066,0.004,8
20260223-8f3254f7,20260222-43087b1b,22373,88,28.92,0.0800,140.9902,1.00,0.000075,SnakeCollision,4,45,224.9843,860.2518,34.7854,1716.6361,0.000,0.023,0.182,0.682,0.102,0.011,8
20260223-8f3254f7,20260222-43087b1b,22374,74,241.10,0.0800,96.8764,1.00,0.000075,SnakeCollision,4,45,180.3295,364.2275,26.5928,2272.4709,0.041,0.122,0.135,0.622,0.081,0.000,8
20260223-8f3254f7,20260222-43087b1b,22375,220,1879.09,0.0800,142.2801,1.00,0.000075,SnakeCollision,4,122,181.2653,353.7576,28.6699,1454.0170,0.027,0.045,0.145,0.736,0.041,0.005,8
20260223-8f3254f7,20260222-43087b1b,22376,225,942.48,0.0800,99.1454,1.00,0.000075,SnakeCollision,4,153,249.7272,1198.1500,30.0750,3143.7947,0.031,0.049,0.124,0.671,0.120,0.004,8
20260223-8f3254f7,20260222-43087b1b,22377,795,12898.32,0.0800,126.9157,1.00,0.000075,SnakeCollision,4,490,212.4655,1097.2993,37.1078,1597.8733,0.040,0.075,0.087,0.714,0.075,0.008,8
20260223-8f3254f7,20260222-43087b1b,22378,112,663.83,0.0800,137.7375,1.00,0.000075,SnakeCollision,4,76,168.5270,330.2048,33.1714,4230.1021,0.027,0.054,0.152,0.723,0.045,0.000,8
20260223-8f3254f7,20260222-43087b1b,22379,110,150.28,0.0800,137.7375,1.00,0.000075,SnakeCollision,4,45,168.5270,330.2048,33.1714,4230.1021,0.000,0.036,0.291,0.582,0.082,0.009,8
20260223-8f3254f7,20260222-43087b1b,22380,273,1451.02,0.0800,137.7375,1.00,0.000075,SnakeCollision,4,214,168.5270,330.2048,33.1714,4230.1021,0.029,0.059,0.132,0.740,0.037,0.004,8
20260223-8f3254f7,20260222-43087b1b,22381,110,262.81,0.0800,148.7434,1.00,0.000075,SnakeCollision,4,30,231.2375,1209.6605,43.3273,1741.8446,0.018,0.018,0.173,0.718,0.064,0.009,8
20260223-8f3254f7,20260222-43087b1b,22382,104,361.93,0.0800,193.4372,1.00,0.000075,SnakeCollision,4,30,195.2594,831.7293,40.1352,2582.7888,0.010,0.077,0.144,0.635,0.115,0.019,8
20260223-8f3254f7,20260222-43087b1b,22383,161,1724.93,0.0800,74.6498,1.00,0.000075,SnakeCollision,4,171,220.1856,828.5365,37.2168,891.4805,0.019,0.075,0.118,0.764,0.025,0.000,8
20260223-8f3254f7,20260222-43087b1b,22384,208,3196.64,0.0800,361.9010,1.00,0.000075,SnakeCollision,4,203,223.5166,788.1419,34.5331,6832.2041,0.014,0.024,0.149,0.716,0.096,0.000,8
20260223-8f3254f7,20260222-43087b1b,22385,104,674.99,0.0800,99.7951,1.00,0.000075,SnakeCollision,4,92,217.8536,357.4672,42.8580,2093.4568,0.010,0.058,0.115,0.750,0.067,0.000,8
20260223-8f3254f7,20260222-43087b1b,22386,226,1859.43,0.0800,46.5675,1.00,0.000075,SnakeCollision,4,139,195.2708,629.0760,33.5968,1114.7883,0.022,0.058,0.106,0.695,0.115,0.004,8
20260223-8f3254f7,20260222-43087b1b,22387,54,149.38,0.0800,543.0311,1.00,0.000075,SnakeCollision,4,30,227.8512,818.5936,44.2505,18887.9199,0.056,0.019,0.167,0.556,0.204,0.000,8
20260223-8f3254f7,20260222-43087b1b,22388,54,10.92,0.0800,244.3850,1.00,0.000075,SnakeCollision,4,15,215.4034,614.5676,35.3421,4038.8669,0.019,0.037,0.167,0.593,0.167,0.019,8
20260223-8f3254f7,20260222-43087b1b,22389,2000,-3855.26,0.0800,67.4025,1.00,0.000075,MaxSteps,4,0,245.6051,947.0150,50.2738,1554.8696,0.006,0.253,0.014,0.227,0.494,0.005,8
20260223-8f3254f7,20260222-43087b1b,22390,2000,-25188.60,0.0800,67.4025,1.00,0.000075,MaxSteps,4,0,245.6051,947.0150,50.2738,1554.8696,0.001,0.029,0.000,0.002,0.969,0.001,8
20260223-8f3254f7,20260222-43087b1b,22391,67,254.00,0.0800,461.2141,1.00,0.000075,SnakeCollision,4,45,213.9036,964.0716,49.7864,7369.3301,0.000,0.030,0.104,0.746,0.119,0.000,8
20260223-8f3254f7,20260222-43087b1b,22392,488,11133.67,0.0800,428.0785,1.00,0.000075,SnakeCollision,4,336,253.6792,1844.0342,59.4306,4169.0791,0.025,0.029,0.162,0.684,0.090,0.010,8
20260223-8f3254f7,20260222-43087b1b,22393,119,930.31,0.0800,326.5594,1.00,0.000075,SnakeCollision,4,92,220.3382,2347.4414,46.6286,18805.1699,0.034,0.076,0.101,0.664,0.126,0.000,8
20260223-8f3254f7,20260222-43087b1b,22394,2000,60581.02,0.0800,76.0180,1.00,0.000075,MaxSteps,4,424,229.1731,1030.7561,24.1176,2202.2537,0.148,0.087,0.277,0.448,0.035,0.004,8
20260223-8f3254f7,20260222-43087b1b,22395,227,1620.04,0.0800,216.5788,1.00,0.000075,SnakeCollision,4,107,207.0039,374.8442,41.4031,5715.6450,0.026,0.026,0.211,0.652,0.075,0.009,8
20260223-8f3254f7,20260222-43087b1b,22396,233,1830.11,0.0800,63.5686,1.00,0.000075,SnakeCollision,4,92,223.2140,720.8392,28.4197,2155.2004,0.021,0.026,0.249,0.627,0.073,0.004,8
20260223-8f3254f7,20260222-43087b1b,22397,1002,29235.04,0.0800,443.1230,1.00,0.000075,SnakeCollision,4,672,303.6858,1534.2910,46.5282,17635.9688,0.036,0.056,0.126,0.722,0.056,0.005,8
20260223-8f3254f7,20260222-43087b1b,22398,2000,48863.16,0.0800,168.4400,1.00,0.000075,MaxSteps,4,269,235.6731,1281.2445,31.1073,8636.7803,0.018,0.016,0.080,0.362,0.520,0.003,8
20260223-8f3254f7,20260222-43087b1b,22399,2000,21389.52,0.0800,256.3887,1.00,0.000075,MaxSteps,4,107,274.1111,1117.8140,38.4355,2178.9780,0.131,0.231,0.022,0.173,0.439,0.004,8
20260223-8f3254f7,20260222-43087b1b,22400,2000,6108.24,0.0800,328.7038,1.00,0.000075,MaxSteps,4,61,277.4700,1436.5087,42.8737,6993.3257,0.007,0.016,0.028,0.183,0.764,0.003,8
20260223-8f3254f7,20260222-43087b1b,22401,505,4019.89,0.0800,180.1497,1.00,0.000075,SnakeCollision,4,353,263.8194,1102.8015,34.6397,4426.2666,0.022,0.061,0.109,0.741,0.061,0.006,8
20260223-8f3254f7,20260222-43087b1b,22402,269,915.77,0.0800,328.6190,1.00,0.000075,SnakeCollision,4,105,303.7379,1524.5439,40.4808,8726.1416,0.019,0.030,0.230,0.636,0.082,0.004,8
20260223-8f3254f7,20260222-43087b1b,22403,2000,7635.02,0.0800,373.8961,1.00,0.000075,MaxSteps,4,45,239.3399,850.6235,37.9681,3959.6348,0.760,0.021,0.020,0.162,0.029,0.009,8
20260223-8f3254f7,20260222-43087b1b,22404,2000,2177.39,0.0800,564.3904,1.00,0.000075,MaxSteps,4,30,284.9622,1221.1584,46.4370,5337.8579,0.006,0.011,0.012,0.450,0.517,0.004,8
20260223-8f3254f7,20260222-43087b1b,22405,32,48.62,0.0800,409.8731,1.00,0.000075,SnakeCollision,4,15,231.5036,855.6637,51.1724,14534.3760,0.000,0.000,0.188,0.719,0.062,0.031,8
20260223-8f3254f7,20260222-43087b1b,22406,439,4995.45,0.0800,402.0554,1.00,0.000075,SnakeCollision,4,293,278.5991,1357.7288,62.5004,7435.3643,0.016,0.030,0.173,0.697,0.077,0.007,8
20260223-8f3254f7,20260222-43087b1b,22407,239,2251.03,0.0800,141.3815,1.00,0.000075,SnakeCollision,4,123,215.1892,634.8179,32.8757,2548.0205,0.017,0.017,0.180,0.728,0.050,0.008,8
20260223-8f3254f7,20260222-43087b1b,22408,139,1386.95,0.0800,141.3815,1.00,0.000075,SnakeCollision,4,123,215.1892,634.8179,32.8757,2548.0205,0.029,0.029,0.122,0.719,0.101,0.000,8
20260223-8f3254f7,20260222-43087b1b,22409,191,519.48,0.0800,705.2712,1.00,0.000075,SnakeCollision,4,60,254.4581,1179.3623,63.1516,14902.1318,0.005,0.052,0.241,0.555,0.136,0.010,8
20260223-8f3254f7,20260222-43087b1b,22410,224,770.46,0.0800,139.4318,1.00,0.000075,SnakeCollision,4,76,232.4338,1167.6680,31.2987,8007.2935,0.018,0.022,0.152,0.714,0.076,0.018,8
20260223-8f3254f7,20260222-43087b1b,22411,227,2346.10,0.0800,139.4318,1.00,0.000075,SnakeCollision,4,137,232.4338,1167.6680,31.2987,8007.2935,0.035,0.022,0.141,0.771,0.026,0.004,8
20260223-8f3254f7,20260222-43087b1b,22412,55,153.70,0.0800,143.8289,1.00,0.000075,SnakeCollision,4,45,220.3340,1166.3519,42.4604,2657.1140,0.018,0.000,0.255,0.691,0.036,0.000,8
20260223-8f3254f7,20260222-43087b1b,22413,138,184.53,0.0800,189.8944,1.00,0.000075,SnakeCollision,4,30,234.8506,950.6945,49.2058,4962.8203,0.000,0.043,0.196,0.522,0.232,0.007,8
20260223-8f3254f7,20260222-43087b1b,22414,275,3165.59,0.0800,198.1491,1.00,0.000075,SnakeCollision,4,187,224.8304,1298.4905,40.1042,11455.5723,0.015,0.036,0.255,0.596,0.091,0.007,8
20260223-8f3254f7,20260222-43087b1b,22415,84,85.76,0.0800,212.9697,1.00,0.000075,SnakeCollision,4,45,241.1988,1632.5645,44.9537,4364.4707,0.000,0.036,0.262,0.583,0.107,0.012,8
20260223-8f3254f7,20260222-43087b1b,22416,140,774.43,0.0800,202.4809,1.00,0.000075,SnakeCollision,4,76,200.9285,358.1195,28.5645,5033.2300,0.079,0.029,0.129,0.729,0.029,0.007,8
20260223-8f3254f7,20260222-43087b1b,22417,86,313.84,0.0800,202.4809,1.00,0.000075,SnakeCollision,4,45,200.9285,358.1195,28.5645,5033.2300,0.000,0.035,0.244,0.663,0.058,0.000,8
20260223-8f3254f7,20260222-43087b1b,22418,4,-27.63,0.0800,113.1569,1.00,0.000075,SnakeCollision,4,15,245.4419,1413.6575,39.2227,2367.8635,0.000,0.000,0.250,0.500,0.250,0.000,8
20260223-8f3254f7,20260222-43087b1b,22419,4,-43.85,0.0800,99.2056,1.00,0.000075,SnakeCollision,4,0,244.0201,1970.1405,46.9722,2973.3867,0.000,0.250,0.000,0.250,0.500,0.000,8
20260223-8f3254f7,20260222-43087b1b,22420,88,455.53,0.0800,99.2056,1.00,0.000075,SnakeCollision,4,92,244.0201,1970.1405,46.9722,2973.3867,0.023,0.034,0.239,0.602,0.102,0.000,8
20260223-8f3254f7,20260222-43087b1b,22421,2,-48.23,0.0800,71.7077,1.00,0.000075,SnakeCollision,4,0,215.7742,1255.7278,31.1818,3945.0581,0.000,0.000,0.000,0.000,1.000,0.000,7
20260223-8f3254f7,20260222-43087b1b,22422,675,10140.63,0.0800,139.3696,1.00,0.000075,SnakeCollision,4,424,228.8545,1073.0229,43.0236,2693.4700,0.021,0.046,0.154,0.699,0.070,0.010,8
20260223-8f3254f7,20260222-43087b1b,22423,132,954.33,0.0800,139.3696,1.00,0.000075,SnakeCollision,4,76,228.8545,1073.0229,43.0236,2693.4700,0.015,0.015,0.152,0.735,0.083,0.000,8
20260223-8f3254f7,20260222-43087b1b,22424,222,600.91,0.0800,139.3696,1.00,0.000075,SnakeCollision,4,45,228.8545,1073.0229,43.0236,2693.4700,0.023,0.032,0.248,0.559,0.135,0.005,8
20260223-8f3254f7,20260222-43087b1b,22425,135,1131.37,0.0800,139.3696,1.00,0.000075,SnakeCollision,4,92,228.8545,1073.0229,43.0236,2693.4700,0.030,0.037,0.133,0.733,0.067,0.000,8
20260223-8f3254f7,20260222-43087b1b,22426,136,178.86,0.0800,139.3696,1.00,0.000075,SnakeCollision,4,75,228.8545,1073.0229,43.0236,2693.4700,0.015,0.022,0.228,0.618,0.103,0.015,8
20260223-8f3254f7,20260222-43087b1b,22427,134,952.61,0.0800,775.1608,1.00,0.000075,SnakeCollision,4,139,257.9018,1078.9729,62.0812,10014.5693,0.022,0.015,0.112,0.828,0.022,0.000,8
20260223-8f3254f7,20260222-43087b1b,22428,18,11.95,0.0800,108.3196,1.00,0.000075,SnakeCollision,4,15,245.7499,1132.0299,43.7662,3149.0696,0.000,0.111,0.222,0.500,0.167,0.000,8
20260223-8f3254f7,20260222-43087b1b,22429,49,-23.48,0.0800,109.9283,1.00,0.000075,SnakeCollision,4,30,239.6221,774.7576,24.4677,6359.4321,0.020,0.020,0.265,0.306,0.367,0.020,8
20260223-8f3254f7,20260222-43087b1b,22430,203,1495.18,0.0800,486.7675,1.00,0.000075,SnakeCollision,4,123,255.9389,1344.0096,57.9501,7174.2271,0.015,0.044,0.148,0.714,0.069,0.010,8
20260223-8f3254f7,20260222-43087b1b,22431,240,1053.35,0.0800,763.3285,1.00,0.000075,SnakeCollision,4,61,252.6068,1545.5990,59.1056,7772.6987,0.000,0.046,0.142,0.750,0.058,0.004,8
20260223-8f3254f7,20260222-43087b1b,22432,191,740.96,0.0800,763.3285,1.00,0.000075,SnakeCollision,4,76,252.6068,1545.5990,59.1056,7772.6987,0.026,0.037,0.105,0.691,0.136,0.005,8
20260223-8f3254f7,20260222-43087b1b,22433,243,2312.54,0.0800,462.8314,1.00,0.000075,SnakeCollision,4,155,239.9220,1205.1726,38.2867,11441.6494,0.021,0.033,0.115,0.765,0.066,0.000,8
20260223-8f3254f7,20260222-43087b1b,22434,378,5818.25,0.0800,74.1139,1.00,0.000075,SnakeCollision,4,203,223.9250,542.5074,27.3318,4646.3779,0.029,0.013,0.106,0.825,0.026,0.000,8
20260223-8f3254f7,20260222-43087b1b,22435,3,-43.85,0.0800,74.1139,1.00,0.000075,SnakeCollision,4,0,223.9250,542.5074,27.3318,4646.3779,0.000,0.000,0.000,1.000,0.000,0.000,8
20260223-8f3254f7,20260222-43087b1b,22436,242,2098.28,0.0800,74.1139,1.00,0.000075,SnakeCollision,4,152,223.9250,542.5074,27.3318,4646.3779,0.029,0.050,0.124,0.690,0.103,0.004,8
20260223-8f3254f7,20260222-43087b1b,22437,41,37.07,0.0800,118.8516,1.00,0.000075,SnakeCollision,4,15,308.7399,1448.6338,38.1451,3528.4287,0.000,0.000,0.415,0.244,0.341,0.000,8
20260223-8f3254f7,20260222-43087b1b,22438,3,-50.89,0.0800,273.1095,1.00,0.000075,SnakeCollision,4,0,242.9694,1686.6073,37.3121,19087.2461,0.000,0.000,0.000,0.333,0.667,0.000,8
20260223-8f3254f7,20260222-43087b1b,22439,6,-46.49,0.0800,336.3587,1.00,0.000075,SnakeCollision,4,0,254.8529,1465.0735,53.1963,5125.5083,0.000,0.000,0.833,0.167,0.000,0.000,8
20260223-8f3254f7,20260222-43087b1b,22440,17,-8.33,0.0800,140.2144,1.00,0.000075,SnakeCollision,4,0,236.2325,889.6437,37.5403,2947.4285,0.000,0.000,0.412,0.176,0.412,0.000,8
20260223-8f3254f7,20260222-43087b1b,22441,352,5970.28,0.0800,130.7557,1.00,0.000075,SnakeCollision,4,284,259.1433,1405.5037,51.9444,2021.4558,0.011,0.028,0.210,0.682,0.057,0.011,7
20260223-8f3254f7,20260222-43087b1b,22442,128,1314.84,0.0800,74.7925,1.00,0.000075,SnakeCollision,4,108,204.4884,364.1313,31.6282,1848.2993,0.008,0.023,0.086,0.859,0.008,0.016,7
20260223-8f3254f7,20260222-43087b1b,22443,209,876.83,0.0800,164.3484,1.00,0.000075,SnakeCollision,4,91,216.6628,1291.9966,29.7067,6342.5366,0.010,0.010,0.196,0.694,0.086,0.005,8
20260223-8f3254f7,20260222-43087b1b,22444,191,1005.73,0.0800,164.3484,1.00,0.000075,SnakeCollision,4,107,216.6628,1291.9966,29.7067,6342.5366,0.000,0.026,0.162,0.607,0.199,0.005,8
20260223-8f3254f7,20260222-43087b1b,22445,452,8054.23,0.0800,164.3484,1.00,0.000075,SnakeCollision,4,236,216.6628,1291.9966,29.7067,6342.5366,0.040,0.038,0.148,0.699,0.060,0.015,8
20260223-8f3254f7,20260222-43087b1b,22446,209,967.59,0.0800,164.3484,1.00,0.000075,SnakeCollision,4,61,216.6628,1291.9966,29.7067,6342.5366,0.043,0.038,0.220,0.579,0.110,0.010,8
20260223-8f3254f7,20260222-43087b1b,22447,2,-49.44,0.0800,131.9631,1.00,0.000075,SnakeCollision,4,0,219.0645,515.9504,36.8159,1744.5660,0.000,0.000,0.500,0.500,0.000,0.000,8
20260223-8f3254f7,20260222-43087b1b,22448,64,16.19,0.0800,124.0077,1.00,0.000075,SnakeCollision,4,0,222.9740,949.9650,47.2979,1366.0223,0.016,0.062,0.406,0.391,0.125,0.000,8
20260223-8f3254f7,20260222-43087b1b,22449,66,2123.19,0.0800,510.8104,1.00,0.000075,SnakeCollision,4,302,227.6066,1596.4683,48.9433,10150.4541,0.030,0.045,0.106,0.697,0.106,0.015,8
20260223-8f3254f7,20260222-43087b1b,22450,149,319.61,0.0800,1081.5603,1.00,0.000075,SnakeCollision,4,45,271.0848,1469.4565,65.2504,26897.8398,0.027,0.054,0.148,0.597,0.154,0.020,8
20260223-8f3254f7,20260222-43087b1b,22451,274,1533.90,0.0800,328.4831,1.00,0.000075,SnakeCollision,4,185,252.9237,2416.1755,40.1479,8684.9170,0.004,0.011,0.190,0.734,0.055,0.007,8
20260223-8f3254f7,20260222-43087b1b,22452,69,145.06,0.0800,311.9412,1.00,0.000075,SnakeCollision,4,15,207.7524,1410.2759,37.5542,4748.1357,0.000,0.014,0.203,0.710,0.072,0.000,8
20260223-8f3254f7,20260222-43087b1b,22453,3,-48.26,0.0800,1210.2654,1.00,0.000075,SnakeCollision,4,0,226.6145,1407.1211,70.1654,13715.1025,0.000,0.000,0.000,1.000,0.000,0.000,8
20260223-8f3254f7,20260222-43087b1b,22454,6,-46.12,0.0800,1210.2654,1.00,0.000075,SnakeCollision,4,0,226.6145,1407.1211,70.1654,13715.1025,0.000,0.000,0.167,0.500,0.333,0.000,8
20260223-8f3254f7,20260222-43087b1b,22455,69,117.34,0.0800,1210.2654,1.00,0.000075,SnakeCollision,4,30,226.6145,1407.1211,70.1654,13715.1025,0.000,0.043,0.246,0.536,0.145,0.029,8
20260223-8f3254f7,20260222-43087b1b,22456,3,-44.25,0.0800,218.6356,1.00,0.000075,SnakeCollision,4,0,238.8029,1183.2197,34.6264,8717.1641,0.000,0.000,0.333,0.333,0.333,0.000,8
20260223-8f3254f7,20260222-43087b1b,22457,21,-32.55,0.0800,191.6629,1.00,0.000075,SnakeCollision,4,0,200.9324,740.6426,32.9887,10970.6055,0.000,0.286,0.333,0.000,0.381,0.000,8
20260223-8f3254f7,20260222-43087b1b,22458,155,251.48,0.0800,96.4565,1.00,0.000075,SnakeCollision,4,45,199.4463,1162.9802,32.4884,1980.0769,0.013,0.058,0.148,0.697,0.077,0.006,8
20260223-8f3254f7,20260222-43087b1b,22459,179,343.29,0.0800,96.4565,1.00,0.000075,SnakeCollision,4,90,199.4463,1162.9802,32.4884,1980.0769,0.000,0.039,0.156,0.749,0.050,0.006,8
20260223-8f3254f7,20260222-43087b1b,22460,175,683.03,0.0800,96.4565,1.00,0.000075,SnakeCollision,4,45,199.4463,1162.9802,32.4884,1980.0769,0.011,0.046,0.160,0.651,0.131,0.000,8
20260223-8f3254f7,20260222-43087b1b,22461,246,2929.91,0.0800,107.6574,1.00,0.000075,SnakeCollision,4,202,211.4115,445.5046,36.5873,1422.6167,0.028,0.041,0.106,0.752,0.065,0.008,8
20260223-8f3254f7,20260222-43087b1b,22462,177,1151.51,0.0800,218.3633,1.00,0.000075,SnakeCollision,4,108,260.8317,1233.9469,28.7600,3790.2136,0.006,0.062,0.158,0.718,0.045,0.011,8
20260223-8f3254f7,20260222-43087b1b,22463,329,2254.92,0.0800,174.9857,1.00,0.000075,SnakeCollision,4,123,279.9538,1256.5952,30.6608,8840.0742,0.033,0.055,0.167,0.663,0.076,0.006,8
20260223-8f3254f7,20260222-43087b1b,22464,177,1837.57,0.0800,174.9857,1.00,0.000075,SnakeCollision,4,155,279.9538,1256.5952,30.6608,8840.0742,0.011,0.034,0.130,0.740,0.079,0.006,8
20260223-8f3254f7,20260222-43087b1b,22465,4,-46.73,0.0800,257.3690,1.00,0.000075,SnakeCollision,4,0,241.4316,668.3918,39.1642,5610.9668,0.000,0.000,0.250,0.250,0.250,0.250,8
20260223-8f3254f7,20260222-43087b1b,22466,5,-42.37,0.0800,670.8110,1.00,0.000075,SnakeCollision,4,0,249.1912,1731.9050,87.0831,6352.7476,0.000,0.000,0.200,0.600,0.200,0.000,8
20260223-8f3254f7,20260222-43087b1b,22467,6,-23.43,0.0800,670.8110,1.00,0.000075,SnakeCollision,4,15,249.1912,1731.9050,87.0831,6352.7476,0.000,0.000,0.167,0.667,0.167,0.000,8
20260223-8f3254f7,20260222-43087b1b,22468,4,-29.37,0.0800,261.9716,1.00,0.000075,SnakeCollision,4,15,202.2051,644.7050,48.1380,1942.0847,0.000,0.000,0.000,0.750,0.250,0.000,8
20260223-8f3254f7,20260222-43087b1b,22469,6,-27.45,0.0800,202.7208,1.00,0.000075,SnakeCollision,4,15,279.4662,1716.0995,35.5755,1915.3541,0.000,0.167,0.500,0.333,0.000,0.000,7
20260223-8f3254f7,20260222-43087b1b,22470,144,1398.11,0.0800,190.1989,1.00,0.000075,SnakeCollision,4,123,240.6337,1609.2570,32.1831,5021.9941,0.007,0.056,0.153,0.715,0.069,0.000,8
20260223-8f3254f7,20260222-43087b1b,22471,141,878.71,0.0800,190.1989,1.00,0.000075,SnakeCollision,4,92,240.6337,1609.2570,32.1831,5021.9941,0.014,0.035,0.191,0.738,0.014,0.007,8
20260223-8f3254f7,20260222-43087b1b,22472,147,317.92,0.0800,190.1989,1.00,0.000075,SnakeCollision,4,76,240.6337,1609.2570,32.1831,5021.9941,0.007,0.054,0.150,0.578,0.204,0.007,8
20260223-8f3254f7,20260222-43087b1b,22473,142,866.77,0.0800,190.1989,1.00,0.000075,SnakeCollision,4,61,240.6337,1609.2570,32.1831,5021.9941,0.007,0.056,0.162,0.662,0.113,0.000,8
20260223-8f3254f7,20260222-43087b1b,22474,181,1438.62,0.0800,499.2932,1.00,0.000075,SnakeCollision,4,107,328.8145,1497.4806,57.9807,9533.9326,0.006,0.044,0.177,0.746,0.028,0.000,8
20260223-8f3254f7,20260222-43087b1b,22475,186,1835.25,0.0800,250.4941,1.00,0.000075,SnakeCollision,4,123,242.8128,1625.6443,43.8398,7288.9658,0.016,0.048,0.161,0.710,0.065,0.000,8
20260223-8f3254f7,20260222-43087b1b,22476,446,5093.95,0.0800,463.9901,1.00,0.000075,SnakeCollision,4,294,273.9156,1342.0518,56.7633,5672.3027,0.009,0.025,0.139,0.747,0.076,0.004,8
20260223-8f3254f7,20260222-43087b1b,22477,451,7138.72,0.0800,355.5743,1.00,0.000075,SnakeCollision,4,398,255.9971,1490.2443,40.6229,5192.7524,0.011,0.031,0.180,0.729,0.044,0.004,8
20260223-8f3254f7,20260222-43087b1b,22478,450,10941.68,0.0800,355.5743,1.00,0.000075,SnakeCollision,4,370,255.9971,1490.2443,40.6229,5192.7524,0.018,0.047,0.198,0.667,0.060,0.011,8
20260223-8f3254f7,20260222-43087b1b,22479,2,-49.34,0.0800,271.7931,1.00,0.000075,SnakeCollision,4,0,308.3021,2021.0349,31.4793,14959.7822,0.000,0.500,0.000,0.000,0.500,0.000,8
20260223-8f3254f7,20260222-43087b1b,22480,308,2247.95,0.0800,271.7931,1.00,0.000075,SnakeCollision,4,201,308.3021,2021.0349,31.4793,14959.7822,0.023,0.058,0.166,0.666,0.081,0.006,8
20260223-8f3254f7,20260222-43087b1b,22481,123,582.58,0.0800,271.7931,1.00,0.000075,SnakeCollision,4,61,308.3021,2021.0349,31.4793,14959.7822,0.008,0.016,0.195,0.756,0.016,0.008,8
20260223-8f3254f7,20260222-43087b1b,22482,128,824.94,0.0800,206.4432,1.00,0.000075,SnakeCollision,4,76,268.8100,2300.3013,44.5139,2809.2751,0.008,0.047,0.117,0.773,0.055,0.000,8
20260223-8f3254f7,20260222-43087b1b,22483,55,111.15,0.0800,148.7712,1.00,0.000075,SnakeCollision,4,30,302.2607,1573.4918,39.6982,9144.2354,0.036,0.000,0.255,0.491,0.200,0.018,8
20260223-8f3254f7,20260222-43087b1b,22484,58,53.77,0.0800,64.1513,1.00,0.000075,SnakeCollision,4,15,253.1431,889.9971,34.0023,1842.6121,0.000,0.103,0.293,0.379,0.207,0.017,8
20260223-8f3254f7,20260222-43087b1b,22485,58,148.43,0.0800,105.2719,1.00,0.000075,SnakeCollision,4,30,225.5272,1102.7747,26.5643,2212.9463,0.000,0.017,0.259,0.655,0.069,0.000,8
20260223-8f3254f7,20260222-43087b1b,22486,60,482.22,0.0800,136.8099,1.00,0.000075,SnakeCollision,4,92,220.0974,1414.5404,48.8083,2036.9869,0.000,0.033,0.133,0.783,0.050,0.000,8
20260223-8f3254f7,20260222-43087b1b,22487,369,2331.42,0.0800,245.0457,1.00,0.000075,SnakeCollision,4,295,214.3961,458.6570,39.3620,3292.2629,0.014,0.076,0.144,0.645,0.111,0.011,8
20260223-8f3254f7,20260222-43087b1b,22488,62,63.39,0.0800,488.3614,1.00,0.000075,SnakeCollision,4,30,296.9301,1424.9377,70.5287,8621.2529,0.000,0.016,0.097,0.839,0.032,0.016,8
20260223-8f3254f7,20260222-43087b1b,22489,6,-21.42,0.0800,488.3614,1.00,0.000075,SnakeCollision,4,15,296.9301,1424.9377,70.5287,8621.2529,0.000,0.000,0.500,0.333,0.167,0.000,8
20260223-8f3254f7,20260222-43087b1b,22490,38,51.83,0.0800,215.2292,1.00,0.000075,SnakeCollision,4,15,236.7517,1310.7578,41.9243,1896.8657,0.026,0.026,0.342,0.263,0.342,0.000,7
20260223-8f3254f7,20260222-43087b1b,22491,38,87.97,0.0800,296.3854,1.00,0.000075,SnakeCollision,4,30,248.3192,1265.3781,55.8405,12449.3877,0.026,0.000,0.158,0.763,0.026,0.026,7
20260223-8f3254f7,20260222-43087b1b,22492,38,1.90,0.0800,296.3854,1.00,0.000075,SnakeCollision,4,0,248.3192,1265.3781,55.8405,12449.3877,0.026,0.000,0.289,0.421,0.237,0.026,7
20260223-8f3254f7,20260222-43087b1b,22493,44,121.43,0.0800,235.6592,1.00,0.000075,SnakeCollision,4,30,236.2277,626.9608,28.7107,4135.0356,0.000,0.023,0.205,0.659,0.114,0.000,7
20260223-8f3254f7,20260222-43087b1b,22494,102,568.51,0.0800,248.8959,1.00,0.000075,SnakeCollision,4,76,271.1828,2252.1611,34.1645,19660.0020,0.029,0.010,0.255,0.627,0.078,0.000,6
20260223-8f3254f7,20260222-43087b1b,22495,148,507.87,0.0800,477.8979,1.00,0.000075,SnakeCollision,4,105,248.0339,1357.9171,39.1971,34734.4570,0.007,0.034,0.196,0.696,0.061,0.007,7
20260223-8f3254f7,20260222-43087b1b,22496,150,773.48,0.0800,477.8979,1.00,0.000075,SnakeCollision,4,61,248.0339,1357.9171,39.1971,34734.4570,0.000,0.033,0.053,0.813,0.100,0.000,7
20260223-8f3254f7,20260222-43087b1b,22497,152,1180.14,0.0800,679.1660,1.00,0.000075,SnakeCollision,4,123,324.9235,2366.4570,69.2681,14739.6650,0.007,0.013,0.132,0.842,0.007,0.000,7
20260223-8f3254f7,20260222-43087b1b,22498,2,-51.04,0.0800,161.9496,1.00,0.000075,SnakeCollision,4,0,263.6823,1608.9050,31.6134,4912.3198,0.000,0.000,0.000,0.500,0.500,0.000,7
20260223-8f3254f7,20260222-43087b1b,22499,681,8240.94,0.0800,275.5119,1.00,0.000075,SnakeCollision,4,327,249.0641,968.1450,49.5287,9282.8135,0.012,0.056,0.095,0.780,0.056,0.001,8
20260223-8f3254f7,20260222-43087b1b,22500,123,324.07,0.0800,275.5119,1.00,0.000075,SnakeCollision,4,30,249.0641,968.1450,49.5287,9282.8135,0.008,0.000,0.089,0.854,0.041,0.008,8
20260223-8f3254f7,20260222-43087b1b,22501,124,881.69,0.0800,275.5119,1.00,0.000075,SnakeCollision,4,61,249.0641,968.1450,49.5287,9282.8135,0.008,0.032,0.113,0.815,0.032,0.000,8
20260223-8f3254f7,20260222-43087b1b,22502,315,4420.82,0.0800,356.7048,1.00,0.000075,SnakeCollision,4,187,207.4820,362.3527,49.3076,5300.0601,0.010,0.016,0.178,0.733,0.057,0.006,8
20260223-8f3254f7,20260222-43087b1b,22503,54,424.90,0.0800,59.3442,1.00,0.000075,SnakeCollision,4,76,287.8109,1297.6560,44.4734,1600.3794,0.000,0.019,0.222,0.704,0.056,0.000,8
20260223-8f3254f7,20260222-43087b1b,22504,54,212.07,0.0800,264.7179,1.00,0.000050,SnakeCollision,4,60,263.6945,1482.1626,46.8720,7756.0391,0.000,0.037,0.093,0.796,0.056,0.019,8
20260223-8f3254f7,20260222-43087b1b,22505,239,3527.20,0.0800,293.1861,1.00,0.000050,SnakeCollision,4,219,215.3447,649.0066,35.8770,3315.9602,0.013,0.021,0.184,0.732,0.046,0.004,8
20260223-8f3254f7,20260222-43087b1b,22506,119,438.49,0.0800,234.7540,1.00,0.000050,SnakeCollision,4,105,232.9955,975.3333,35.7890,4999.3726,0.000,0.118,0.185,0.580,0.109,0.008,8
20260223-8f3254f7,20260222-43087b1b,22507,120,196.72,0.0800,1026.6948,1.00,0.000050,SnakeCollision,4,45,257.4284,1835.4102,63.6394,12835.1836,0.000,0.050,0.225,0.558,0.158,0.008,8
20260223-8f3254f7,20260222-43087b1b,22508,119,770.26,0.0800,1026.6948,1.00,0.000050,SnakeCollision,4,108,257.4284,1835.4102,63.6394,12835.1836,0.008,0.017,0.218,0.655,0.092,0.008,8
20260223-8f3254f7,20260222-43087b1b,22509,32,17.50,0.0800,238.1842,1.00,0.000050,SnakeCollision,4,15,222.9046,692.6958,48.4381,1204.0424,0.000,0.000,0.219,0.625,0.156,0.000,8
20260223-8f3254f7,20260222-43087b1b,22510,100,963.90,0.0800,73.8745,1.00,0.000050,SnakeCollision,4,155,244.9235,772.4797,24.9037,1115.6326,0.020,0.020,0.160,0.760,0.040,0.000,8
20260223-8f3254f7,20260222-43087b1b,22511,672,16984.85,0.0800,191.6721,1.00,0.000050,SnakeCollision,4,513,242.5691,1537.4075,45.3155,2318.5256,0.022,0.043,0.140,0.728,0.062,0.004,8
20260223-8f3254f7,20260222-43087b1b,22512,280,2480.62,0.0800,268.2422,1.00,0.000050,SnakeCollision,4,138,216.5604,496.4471,30.3091,2739.1726,0.018,0.029,0.121,0.754,0.075,0.004,8
20260223-8f3254f7,20260222-43087b1b,22513,283,3008.44,0.0800,266.1902,1.00,0.000050,SnakeCollision,4,202,272.0816,1773.0385,50.8028,4552.7954,0.004,0.039,0.159,0.756,0.039,0.004,8
20260223-8f3254f7,20260222-43087b1b,22514,249,1932.30,0.0800,266.1902,1.00,0.000050,SnakeCollision,4,187,272.0816,1773.0385,50.8028,4552.7954,0.036,0.076,0.205,0.627,0.048,0.008,8
20260223-8f3254f7,20260222-43087b1b,22515,350,3185.34,0.0800,355.8713,1.00,0.000050,SnakeCollision,4,309,243.4052,1876.0543,51.5425,46110.8164,0.014,0.066,0.171,0.674,0.069,0.006,8
20260223-8f3254f7,20260222-43087b1b,22516,801,22430.57,0.0800,231.8320,1.00,0.000050,SnakeCollision,4,454,263.1609,2055.5994,34.4023,4007.3499,0.016,0.055,0.117,0.740,0.062,0.009,8
20260223-8f3254f7,20260222-43087b1b,22517,561,8825.71,0.0800,124.6497,1.00,0.000050,SnakeCollision,4,269,326.5875,3634.4810,28.4608,10250.9746,0.004,0.046,0.164,0.701,0.082,0.004,8
20260223-8f3254f7,20260222-43087b1b,22518,282,2158.75,0.0800,311.9621,1.00,0.000050,SnakeCollision,4,217,296.2185,1639.6704,39.7635,6922.1675,0.018,0.057,0.124,0.759,0.035,0.007,8
20260223-8f3254f7,20260222-43087b1b,22519,280,1476.39,0.0800,311.9621,1.00,0.000050,SnakeCollision,4,137,296.2185,1639.6704,39.7635,6922.1675,0.021,0.075,0.200,0.646,0.050,0.007,8
20260223-8f3254f7,20260222-43087b1b,22520,278,1027.27,0.0800,118.0288,1.00,0.000050,SnakeCollision,4,106,268.2783,1974.2605,34.3341,1317.2023,0.018,0.068,0.237,0.525,0.147,0.004,8
20260223-8f3254f7,20260222-43087b1b,22521,28,41.56,0.0800,207.6920,1.00,0.000050,SnakeCollision,4,30,251.7191,1359.2399,32.1577,4796.4126,0.000,0.000,0.250,0.571,0.179,0.000,8
20260223-8f3254f7,20260222-43087b1b,22522,30,-16.22,0.0800,371.9816,1.00,0.000050,SnakeCollision,4,0,246.4977,1254.4240,40.9047,8183.2085,0.000,0.000,0.600,0.167,0.233,0.000,7
20260223-8f3254f7,20260222-43087b1b,22523,29,64.75,0.0800,263.0194,1.00,0.000050,SnakeCollision,4,30,261.3439,1293.1270,54.0588,4200.1211,0.000,0.000,0.172,0.690,0.138,0.000,7
20260223-8f3254f7,20260222-43087b1b,22524,33,-7.21,0.0800,914.7111,1.00,0.000050,SnakeCollision,4,0,245.8413,1125.7725,50.5557,8359.7178,0.000,0.000,0.394,0.333,0.242,0.030,7
20260223-8f3254f7,20260222-43087b1b,22525,14,-32.43,0.0800,1253.2981,1.00,0.000050,SnakeCollision,4,15,272.3017,1809.8909,68.4201,16306.9697,0.000,0.000,0.357,0.357,0.214,0.071,7
20260223-8f3254f7,20260222-43087b1b,22526,85,330.32,0.0800,804.6130,1.00,0.000050,SnakeCollision,4,61,252.3148,1500.5863,52.8517,4617.4800,0.000,0.047,0.141,0.776,0.035,0.000,6
20260223-8f3254f7,20260222-43087b1b,22527,98,278.51,0.0800,429.3055,1.00,0.000050,SnakeCollision,4,60,265.2852,2062.3540,43.4583,6466.9565,0.010,0.041,0.112,0.765,0.041,0.031,6
20260223-8f3254f7,20260222-43087b1b,22528,128,523.20,0.0800,429.3055,1.00,0.000050,SnakeCollision,4,75,265.2852,2062.3540,43.4583,6466.9565,0.008,0.070,0.180,0.578,0.156,0.008,6
20260223-8f3254f7,20260222-43087b1b,22529,410,19615.25,0.0800,200.1893,1.00,0.000050,SnakeCollision,4,546,241.9078,995.0375,40.7272,1614.1655,0.020,0.044,0.251,0.588,0.098,0.000,6
20260223-8f3254f7,20260222-43087b1b,22530,99,489.62,0.0800,1021.0316,1.00,0.000050,SnakeCollision,4,92,275.9334,2013.5580,62.3710,14757.0283,0.010,0.020,0.202,0.727,0.040,0.000,6
20260223-8f3254f7,20260222-43087b1b,22531,69,302.36,0.0800,560.5364,1.00,0.000050,SnakeCollision,4,61,278.2711,3369.7383,41.4282,31176.5410,0.014,0.014,0.275,0.551,0.145,0.000,7
20260223-8f3254f7,20260222-43087b1b,22532,477,8853.53,0.0800,560.5364,1.00,0.000050,SnakeCollision,4,318,278.2711,3369.7383,41.4282,31176.5410,0.006,0.031,0.189,0.736,0.036,0.002,7
20260223-8f3254f7,20260222-43087b1b,22533,67,154.18,0.0800,560.5364,1.00,0.000050,SnakeCollision,4,30,278.2711,3369.7383,41.4282,31176.5410,0.015,0.015,0.299,0.507,0.164,0.000,7
20260223-8f3254f7,20260222-43087b1b,22534,69,238.32,0.0800,886.1959,1.00,0.000050,SnakeCollision,4,61,248.0764,1872.2673,60.9140,14490.7051,0.000,0.058,0.174,0.739,0.029,0.000,7
20260223-8f3254f7,20260222-43087b1b,22535,70,229.89,0.0800,886.1959,1.00,0.000050,SnakeCollision,4,61,248.0764,1872.2673,60.9140,14490.7051,0.000,0.014,0.300,0.514,0.171,0.000,7
20260223-8f3254f7,20260222-43087b1b,22536,102,549.31,0.0800,159.0277,1.00,0.000050,SnakeCollision,4,76,249.8949,1742.5101,30.7856,4678.7944,0.039,0.088,0.206,0.618,0.039,0.010,7
20260223-8f3254f7,20260222-43087b1b,22537,59,139.48,0.0800,771.3490,1.00,0.000050,SnakeCollision,4,30,268.7360,2017.1199,53.7190,29538.2129,0.000,0.034,0.220,0.678,0.068,0.000,7
20260223-8f3254f7,20260222-43087b1b,22538,59,189.58,0.0800,150.8184,1.00,0.000050,SnakeCollision,4,30,212.0970,381.6419,33.2114,2590.9075,0.034,0.034,0.136,0.712,0.085,0.000,7
20260223-8f3254f7,20260222-43087b1b,22539,59,213.87,0.0800,150.8184,1.00,0.000050,SnakeCollision,4,45,212.0970,381.6419,33.2114,2590.9075,0.000,0.051,0.373,0.525,0.051,0.000,7
20260223-8f3254f7,20260222-43087b1b,22540,110,647.12,0.0800,334.4630,1.00,0.000050,SnakeCollision,4,77,277.2889,1719.4644,46.9670,7628.0562,0.036,0.073,0.173,0.591,0.118,0.009,8
20260223-8f3254f7,20260222-43087b1b,22541,143,766.80,0.0800,334.4630,1.00,0.000050,SnakeCollision,4,106,277.2889,1719.4644,46.9670,7628.0562,0.007,0.014,0.161,0.741,0.063,0.014,8
20260223-8f3254f7,20260222-43087b1b,22542,143,1378.83,0.0800,183.3726,1.00,0.000050,SnakeCollision,4,155,241.2117,1176.8409,47.8118,2262.7625,0.014,0.021,0.252,0.636,0.077,0.000,8
20260223-8f3254f7,20260222-43087b1b,22543,84,389.32,0.0800,183.3726,1.00,0.000050,SnakeCollision,4,92,241.2117,1176.8409,47.8118,2262.7625,0.024,0.012,0.345,0.536,0.083,0.000,8
20260223-8f3254f7,20260222-43087b1b,22544,143,724.21,0.0800,183.3726,1.00,0.000050,SnakeCollision,4,92,241.2117,1176.8409,47.8118,2262.7625,0.014,0.056,0.140,0.629,0.161,0.000,8
20260223-8f3254f7,20260222-43087b1b,22545,2,-46.88,0.0800,463.5917,1.00,0.000050,SnakeCollision,4,0,262.6062,1600.7446,36.3333,30161.9414,0.000,0.500,0.500,0.000,0.000,0.000,8
20260223-8f3254f7,20260222-43087b1b,22546,3,-47.54,0.0800,463.5917,1.00,0.000050,SnakeCollision,4,0,262.6062,1600.7446,36.3333,30161.9414,0.000,0.000,0.333,0.667,0.000,0.000,8
20260223-8f3254f7,20260222-43087b1b,22547,3,-45.77,0.0800,170.5421,1.00,0.000050,SnakeCollision,4,0,266.2067,1044.4746,34.9788,6011.6348,0.000,0.000,0.333,0.667,0.000,0.000,8
20260223-8f3254f7,20260222-43087b1b,22548,3,-44.10,0.0800,1185.4932,1.00,0.000050,SnakeCollision,4,0,272.6723,1746.9293,68.6419,30179.1719,0.000,0.000,0.000,1.000,0.000,0.000,8
20260223-8f3254f7,20260222-43087b1b,22549,4,-25.46,0.0800,645.2405,1.00,0.000050,SnakeCollision,4,15,279.0867,2051.4380,50.6429,10311.3164,0.000,0.000,0.750,0.000,0.250,0.000,8
20260223-8f3254f7,20260222-43087b1b,22550,42,41.99,0.0800,561.7788,1.00,0.000050,SnakeCollision,4,15,254.4264,1200.1404,52.0531,4351.7549,0.000,0.024,0.429,0.476,0.048,0.024,8
20260223-8f3254f7,20260222-43087b1b,22551,47,106.38,0.0800,195.6807,1.00,0.000050,SnakeCollision,4,15,262.1290,1673.0967,32.3820,2634.5203,0.000,0.064,0.191,0.681,0.043,0.021,7
20260223-8f3254f7,20260222-43087b1b,22552,131,1527.39,0.0800,561.3316,1.00,0.000050,SnakeCollision,4,171,249.5326,1575.8190,40.6760,9380.6895,0.015,0.015,0.145,0.771,0.053,0.000,7
20260223-8f3254f7,20260222-43087b1b,22553,47,246.63,0.0800,561.3316,1.00,0.000050,SnakeCollision,4,61,249.5326,1575.8190,40.6760,9380.6895,0.043,0.064,0.170,0.617,0.106,0.000,7
20260223-8f3254f7,20260222-43087b1b,22554,116,745.91,0.0800,363.0504,1.00,0.000050,SnakeCollision,4,61,228.2859,377.3970,36.0566,2927.5107,0.026,0.034,0.164,0.698,0.078,0.000,8
20260223-8f3254f7,20260222-43087b1b,22555,115,744.66,0.0800,363.0504,1.00,0.000050,SnakeCollision,4,140,228.2859,377.3970,36.0566,2927.5107,0.000,0.026,0.087,0.861,0.017,0.009,8
20260223-8f3254f7,20260222-43087b1b,22556,114,210.71,0.0800,363.0504,1.00,0.000050,SnakeCollision,4,45,228.2859,377.3970,36.0566,2927.5107,0.009,0.061,0.298,0.561,0.061,0.009,8
20260223-8f3254f7,20260222-43087b1b,22557,114,709.17,0.0800,363.0504,1.00,0.000050,SnakeCollision,4,92,228.2859,377.3970,36.0566,2927.5107,0.009,0.026,0.167,0.763,0.035,0.000,8
20260223-8f3254f7,20260222-43087b1b,22558,159,858.29,0.0800,363.0504,1.00,0.000050,SnakeCollision,4,61,228.2859,377.3970,36.0566,2927.5107,0.006,0.025,0.176,0.654,0.132,0.006,8
20260223-8f3254f7,20260222-43087b1b,22559,245,1772.78,0.0800,363.0504,1.00,0.000050,SnakeCollision,4,122,228.2859,377.3970,36.0566,2927.5107,0.012,0.020,0.167,0.714,0.082,0.004,8
20260223-8f3254f7,20260222-43087b1b,22560,160,1049.35,0.0800,363.0504,1.00,0.000050,SnakeCollision,4,188,228.2859,377.3970,36.0566,2927.5107,0.006,0.025,0.175,0.731,0.050,0.013,8
20260223-8f3254f7,20260222-43087b1b,22561,2000,-8754.87,0.0800,833.7372,1.00,0.000050,MaxSteps,4,0,493.6236,1779.5969,49.3114,21902.4961,0.002,0.048,0.041,0.125,0.782,0.002,8
20260223-8f3254f7,20260222-43087b1b,22562,2000,-14795.97,0.0800,110.6590,1.00,0.000050,MaxSteps,4,0,524.0787,1700.2638,44.3096,2979.7256,0.001,0.002,0.002,0.074,0.920,0.002,8
20260223-8f3254f7,20260222-43087b1b,22563,2000,-14702.17,0.0800,110.6590,1.00,0.000050,MaxSteps,4,0,524.0787,1700.2638,44.3096,2979.7256,0.001,0.001,0.004,0.057,0.937,0.001,8
20260223-8f3254f7,20260222-43087b1b,22564,2000,-13192.36,0.0800,110.6590,1.00,0.000050,MaxSteps,4,0,524.0787,1700.2638,44.3096,2979.7256,0.003,0.002,0.003,0.089,0.901,0.002,8
20260223-8f3254f7,20260222-43087b1b,22565,2000,-15769.17,0.0800,110.6590,1.00,0.000050,MaxSteps,4,0,524.0787,1700.2638,44.3096,2979.7256,0.002,0.004,0.003,0.100,0.891,0.001,8
20260223-8f3254f7,20260222-43087b1b,22566,2000,-15516.76,0.0800,110.6590,1.00,0.000050,MaxSteps,4,0,524.0787,1700.2638,44.3096,2979.7256,0.002,0.002,0.005,0.075,0.915,0.001,8
20260223-8f3254f7,20260222-43087b1b,22567,2000,-15737.81,0.0800,110.6590,1.00,0.000050,MaxSteps,4,0,524.0787,1700.2638,44.3096,2979.7256,0.002,0.004,0.003,0.090,0.900,0.001,8
20260223-8f3254f7,20260222-43087b1b,22568,2000,-13561.18,0.0800,110.6590,1.00,0.000050,MaxSteps,4,0,524.0787,1700.2638,44.3096,2979.7256,0.001,0.003,0.005,0.172,0.818,0.002,8
20260223-8f3254f7,20260222-43087b1b,22569,2000,-14467.20,0.0800,90.1050,1.00,0.000050,MaxSteps,4,0,572.6858,2357.1785,58.1597,2917.0303,0.002,0.003,0.006,0.105,0.883,0.001,8
20260223-8f3254f7,20260222-43087b1b,22570,2000,-16137.51,0.0800,1189.7457,1.00,0.000050,MaxSteps,4,0,634.0238,3023.7271,87.6515,19913.5469,0.001,0.001,0.004,0.089,0.906,0.000,8
20260223-8f3254f7,20260222-43087b1b,22571,2000,-13041.17,0.0800,1189.7457,1.00,0.000050,MaxSteps,4,0,634.0238,3023.7271,87.6515,19913.5469,0.002,0.004,0.004,0.180,0.807,0.003,8
20260223-8f3254f7,20260222-43087b1b,22572,2000,-17531.33,0.0800,1189.7457,1.00,0.000050,MaxSteps,4,0,634.0238,3023.7271,87.6515,19913.5469,0.003,0.005,0.007,0.031,0.952,0.002,8
20260223-8f3254f7,20260222-43087b1b,22573,2000,-12430.70,0.0800,1189.7457,1.00,0.000050,MaxSteps,4,0,634.0238,3023.7271,87.6515,19913.5469,0.003,0.006,0.004,0.192,0.793,0.002,8
20260223-8f3254f7,20260222-43087b1b,22574,2000,-14780.51,0.0800,1189.7457,1.00,0.000050,MaxSteps,4,0,634.0238,3023.7271,87.6515,19913.5469,0.001,0.003,0.002,0.114,0.880,0.001,8
20260223-8f3254f7,20260222-43087b1b,22575,2000,-14614.44,0.0800,1189.7457,1.00,0.000050,MaxSteps,4,0,634.0238,3023.7271,87.6515,19913.5469,0.003,0.008,0.010,0.114,0.862,0.004,8
20260223-8f3254f7,20260222-43087b1b,22576,2000,-2759.83,0.0800,1189.7457,1.00,0.000050,MaxSteps,4,0,634.0238,3023.7271,87.6515,19913.5469,0.006,0.017,0.034,0.450,0.485,0.009,8
20260223-8f3254f7,20260222-43087b1b,22577,1,-50.00,0.0800,410.2346,1.00,0.000050,SnakeCollision,4,0,603.1277,2908.3154,52.8151,10734.3828,0.000,0.000,0.000,0.000,1.000,0.000,8
20260223-8f3254f7,20260222-43087b1b,22578,2000,-2793.08,0.0800,1161.4308,1.00,0.000050,MaxSteps,4,0,587.4193,2906.9255,76.5586,24294.0938,0.007,0.020,0.019,0.906,0.041,0.007,8
20260223-8f3254f7,20260222-43087b1b,22579,2000,-3675.00,0.0800,307.8938,1.00,0.000050,MaxSteps,4,0,588.6516,2820.2322,51.2715,21477.0820,0.003,0.013,0.009,0.570,0.401,0.004,8
20260223-8f3254f7,20260222-43087b1b,22580,2000,-3671.12,0.0800,307.8938,1.00,0.000050,MaxSteps,4,0,588.6516,2820.2322,51.2715,21477.0820,0.004,0.008,0.009,0.426,0.547,0.005,8
20260223-8f3254f7,20260222-43087b1b,22581,2000,-4918.32,0.0800,307.8938,1.00,0.000050,MaxSteps,4,0,588.6516,2820.2322,51.2715,21477.0820,0.004,0.006,0.006,0.248,0.731,0.005,8
20260223-8f3254f7,20260222-43087b1b,22582,2000,-3053.27,0.0800,307.8938,1.00,0.000050,MaxSteps,4,0,588.6516,2820.2322,51.2715,21477.0820,0.005,0.012,0.013,0.685,0.276,0.009,8
20260223-8f3254f7,20260222-43087b1b,22583,2000,-13890.93,0.0800,307.8938,1.00,0.000050,MaxSteps,4,0,588.6516,2820.2322,51.2715,21477.0820,0.004,0.004,0.007,0.175,0.809,0.001,8
20260223-8f3254f7,20260222-43087b1b,22584,2000,-2727.57,0.0800,307.8938,1.00,0.000050,MaxSteps,4,0,588.6516,2820.2322,51.2715,21477.0820,0.006,0.017,0.029,0.881,0.056,0.011,8
20260223-8f3254f7,20260222-43087b1b,22585,2000,-2948.21,0.0800,246.2449,1.00,0.000050,MaxSteps,4,0,497.8821,2295.0911,40.4693,9915.8701,0.008,0.009,0.015,0.939,0.022,0.006,8
20260223-8f3254f7,20260222-43087b1b,22586,2000,-5058.49,0.0800,255.5660,1.00,0.000050,MaxSteps,4,0,608.8519,2477.9719,65.2556,11608.2314,0.003,0.013,0.004,0.289,0.690,0.002,8
20260223-8f3254f7,20260222-43087b1b,22587,2000,3548.73,0.0800,832.4827,1.00,0.000050,MaxSteps,4,30,601.1044,2374.8455,78.2521,44430.5039,0.003,0.051,0.038,0.460,0.443,0.005,8
20260223-8f3254f7,20260222-43087b1b,22588,2000,-3138.13,0.0800,832.4827,1.00,0.000050,MaxSteps,4,0,601.1044,2374.8455,78.2521,44430.5039,0.007,0.030,0.016,0.585,0.359,0.004,8
20260223-8f3254f7,20260222-43087b1b,22589,2000,-2837.11,0.0800,832.4827,1.00,0.000050,MaxSteps,4,0,601.1044,2374.8455,78.2521,44430.5039,0.010,0.018,0.022,0.565,0.379,0.006,8
20260223-8f3254f7,20260222-43087b1b,22590,2000,-462.36,0.0800,832.4827,1.00,0.000050,MaxSteps,4,15,601.1044,2374.8455,78.2521,44430.5039,0.007,0.012,0.083,0.280,0.615,0.004,8
20260223-8f3254f7,20260222-43087b1b,22591,2000,-2750.68,0.0800,832.4827,1.00,0.000050,MaxSteps,4,0,601.1044,2374.8455,78.2521,44430.5039,0.007,0.021,0.017,0.724,0.225,0.006,8
20260223-8f3254f7,20260222-43087b1b,22592,2000,-14825.46,0.0800,832.4827,1.00,0.000050,MaxSteps,4,0,601.1044,2374.8455,78.2521,44430.5039,0.001,0.009,0.004,0.081,0.903,0.002,8
20260223-8f3254f7,20260222-43087b1b,22593,2000,-14368.69,0.0800,284.6512,1.00,0.000050,MaxSteps,4,0,598.5344,2309.0686,60.8538,22871.3027,0.002,0.005,0.002,0.097,0.894,0.001,8
20260223-8f3254f7,20260222-43087b1b,22594,2000,-14488.45,0.0800,230.0019,1.00,0.000050,MaxSteps,4,0,623.4692,3776.8271,51.2098,9792.2627,0.002,0.003,0.004,0.044,0.947,0.001,8
20260223-8f3254f7,20260222-43087b1b,22595,2000,-2681.04,0.0800,208.8417,1.00,0.000050,MaxSteps,4,0,553.5770,3814.3936,71.7206,6253.6733,0.014,0.082,0.030,0.480,0.383,0.011,8
20260223-8f3254f7,20260222-43087b1b,22596,2000,-3104.56,0.0800,208.8417,1.00,0.000050,MaxSteps,4,0,553.5770,3814.3936,71.7206,6253.6733,0.007,0.108,0.033,0.276,0.571,0.005,8
20260223-8f3254f7,20260222-43087b1b,22597,2000,-2722.75,0.0800,208.8417,1.00,0.000050,MaxSteps,4,0,553.5770,3814.3936,71.7206,6253.6733,0.007,0.086,0.026,0.520,0.353,0.008,8
20260223-8f3254f7,20260222-43087b1b,22598,2000,-2804.22,0.0800,208.8417,1.00,0.000050,MaxSteps,4,0,553.5770,3814.3936,71.7206,6253.6733,0.009,0.114,0.030,0.451,0.389,0.007,8
20260223-8f3254f7,20260222-43087b1b,22599,2000,-2957.31,0.0800,208.8417,1.00,0.000050,MaxSteps,4,0,553.5770,3814.3936,71.7206,6253.6733,0.015,0.499,0.030,0.125,0.321,0.009,8
20260223-8f3254f7,20260222-43087b1b,22600,2000,-15100.70,0.0800,208.8417,1.00,0.000050,MaxSteps,4,0,553.5770,3814.3936,71.7206,6253.6733,0.002,0.007,0.005,0.034,0.951,0.001,8
20260223-8f3254f7,20260222-43087b1b,22601,2000,-3039.72,0.0800,1872.3049,1.00,0.000050,MaxSteps,4,0,658.0161,3534.0613,152.6812,17428.9277,0.006,0.081,0.015,0.463,0.431,0.005,8
