UID,ParentUID,Episode,Steps,Reward,Epsilon,Loss,Beta,LR,Cause,Stage,Food,QMean,QMax,TDError,GradNorm,ActStraight,ActGentle,ActMedium,ActSharp,ActUturn,ActBoost,NumAgents
20260216-ca3059a5,20260216-554ba8a8,1,41,21.03,0.9754,0.0000,0.40,0.000002,SnakeCollision,1,11,0.0000,0.0000,0.0000,0.0000,0.000,0.000,0.000,0.024,0.976,0.000,2
20260216-ca3059a5,20260216-554ba8a8,2,2,-9.90,0.9753,0.0000,0.40,0.000002,SnakeCollision,1,1,0.0000,0.0000,0.0000,0.0000,0.000,0.000,0.000,0.000,1.000,0.000,2
20260216-ca3059a5,20260216-554ba8a8,3,38,53.75,0.9711,29.9265,0.41,0.000004,SnakeCollision,1,22,4.8639,10.3785,7.7491,209.4843,0.000,0.000,0.000,0.263,0.737,0.000,2
20260216-ca3059a5,20260216-554ba8a8,4,45,49.68,0.9702,40.5839,0.41,0.000004,SnakeCollision,1,20,3.8554,9.9841,7.7271,248.2602,0.000,0.022,0.000,0.000,0.978,0.000,2
20260216-ca3059a5,20260216-554ba8a8,5,31,49.29,0.9677,38.1014,0.42,0.000006,SnakeCollision,1,21,3.4162,11.5620,8.1997,204.7846,0.000,0.032,0.000,0.258,0.710,0.000,2
20260216-ca3059a5,20260216-554ba8a8,6,24,26.75,0.9676,40.9332,0.42,0.000006,SnakeCollision,1,16,3.4820,11.5747,8.4195,222.7092,0.000,0.000,0.000,0.125,0.875,0.000,2
20260216-ca3059a5,20260216-554ba8a8,7,65,71.35,0.9604,19.9883,0.45,0.000009,SnakeCollision,1,20,3.7208,12.5352,5.7321,157.3344,0.000,0.015,0.000,0.200,0.785,0.000,2
20260216-ca3059a5,20260216-554ba8a8,8,99,72.20,0.9568,10.4744,0.46,0.000010,SnakeCollision,1,30,4.0152,15.2520,4.6194,85.7357,0.000,0.000,0.010,0.081,0.899,0.010,3
20260216-ca3059a5,20260216-554ba8a8,9,33,53.56,0.9568,10.4744,0.46,0.000010,SnakeCollision,1,21,4.0152,15.2520,4.6194,85.7357,0.000,0.000,0.000,0.000,1.000,0.000,3
20260216-f5078093,20260216-ca3059a5,10,52,48.85,0.9492,40.5194,0.40,0.000003,SnakeCollision,1,14,1.3223,8.1543,5.4888,937.4953,0.000,0.000,0.000,0.019,0.981,0.000,2
20260216-f5078093,20260216-ca3059a5,11,81,110.95,0.9405,14.1549,0.43,0.000007,SnakeCollision,1,31,4.1210,10.2162,4.2859,194.4540,0.000,0.000,0.000,0.123,0.877,0.000,3
20260216-f5078093,20260216-ca3059a5,12,100,87.09,0.9404,7.5961,0.43,0.000007,SnakeCollision,1,20,3.7447,10.5628,4.0120,73.2516,0.000,0.000,0.000,0.110,0.890,0.000,3
20260216-f5078093,20260216-ca3059a5,13,84,113.36,0.9315,5.0754,0.46,0.000011,SnakeCollision,1,33,4.9330,16.6895,3.5961,57.1782,0.000,0.000,0.000,0.083,0.917,0.000,4
20260216-f5078093,20260216-ca3059a5,14,83,130.98,0.9315,5.0754,0.46,0.000011,SnakeCollision,1,34,4.9330,16.6895,3.5961,57.1782,0.000,0.000,0.000,0.036,0.952,0.012,4
20260216-f5078093,20260216-ca3059a5,15,17,39.65,0.9297,8.1361,0.47,0.000012,SnakeCollision,1,20,4.4524,17.9028,5.2550,65.4092,0.000,0.000,0.000,0.118,0.882,0.000,4
20260216-f5078093,20260216-ca3059a5,16,18,49.70,0.9296,15.2349,0.47,0.000012,SnakeCollision,1,19,4.7510,18.6231,5.0987,118.7881,0.000,0.000,0.000,0.278,0.722,0.000,4
20260216-f5078093,20260216-ca3059a5,17,104,86.33,0.9295,23.2516,0.47,0.000012,SnakeCollision,1,31,4.9940,18.1827,5.2707,169.5169,0.000,0.000,0.000,0.029,0.971,0.000,4
20260216-f5078093,20260216-ca3059a5,18,74,90.43,0.9238,7.4762,0.49,0.000015,SnakeCollision,1,24,7.1376,21.6785,4.7971,60.4380,0.000,0.000,0.014,0.257,0.730,0.000,5
20260216-f5078093,20260216-ca3059a5,19,48,65.07,0.9187,10.1456,0.51,0.000017,SnakeCollision,1,22,7.5648,25.4883,4.2696,143.4344,0.000,0.000,0.021,0.167,0.812,0.000,5
20260216-f5078093,20260216-ca3059a5,20,125,168.94,0.9165,11.7129,0.52,0.000018,SnakeCollision,1,55,6.1171,26.1857,4.6738,207.9962,0.000,0.008,0.000,0.272,0.712,0.008,5
20260216-f5078093,20260216-ca3059a5,21,124,150.94,0.9164,11.2905,0.52,0.000018,SnakeCollision,1,40,7.3573,26.2843,4.5884,99.9292,0.000,0.008,0.000,0.202,0.782,0.008,5
20260216-f5078093,20260216-ca3059a5,22,42,62.46,0.9143,11.8259,0.53,0.000019,SnakeCollision,1,25,7.5650,22.5567,4.7652,150.1817,0.000,0.000,0.000,0.571,0.429,0.000,5
20260216-f5078093,20260216-ca3059a5,23,146,160.54,0.9142,15.9740,0.53,0.000019,SnakeCollision,1,46,7.1614,27.5049,4.6931,148.9347,0.000,0.000,0.000,0.062,0.938,0.000,5
20260216-f5078093,20260216-ca3059a5,24,22,47.56,0.9141,19.2439,0.53,0.000019,SnakeCollision,1,21,6.7903,23.0841,5.6149,275.1412,0.000,0.000,0.000,0.045,0.955,0.000,5
20260216-f5078093,20260216-ca3059a5,25,93,56.82,0.9141,19.2439,0.53,0.000019,SnakeCollision,1,20,6.7903,23.0841,5.6149,275.1412,0.000,0.000,0.000,0.043,0.957,0.000,5
20260216-f5078093,20260216-ca3059a5,26,24,51.46,0.9140,13.0232,0.53,0.000019,SnakeCollision,1,22,6.1158,19.9640,5.1703,180.7198,0.000,0.000,0.000,0.042,0.958,0.000,4
20260216-f5078093,20260216-ca3059a5,27,10,12.90,0.9130,13.5796,0.53,0.000020,SnakeCollision,1,7,5.0492,25.6280,4.7238,210.1397,0.000,0.000,0.000,0.400,0.600,0.000,4
20260216-f5078093,20260216-ca3059a5,28,12,49.99,0.9129,12.0610,0.53,0.000020,SnakeCollision,1,21,6.2184,26.5853,5.0185,214.3197,0.000,0.000,0.000,0.000,1.000,0.000,4
20260216-f5078093,20260216-ca3059a5,29,187,232.19,0.8949,8.5621,0.60,0.000028,SnakeCollision,1,57,7.0643,27.4008,4.4318,179.2751,0.000,0.000,0.000,0.021,0.979,0.000,4
20260216-f5078093,20260216-ca3059a5,30,175,186.43,0.8949,8.5621,0.60,0.000028,SnakeCollision,1,48,7.0643,27.4008,4.4318,179.2751,0.000,0.000,0.000,0.097,0.903,0.000,4
20260216-f5078093,20260216-ca3059a5,31,66,54.43,0.8884,3.8048,0.62,0.000032,SnakeCollision,1,20,7.9357,32.7283,3.0987,89.6576,0.000,0.000,0.000,0.258,0.727,0.015,5
20260216-f5078093,20260216-ca3059a5,32,7,9.60,0.8877,3.6407,0.63,0.000032,SnakeCollision,1,8,7.3584,32.5428,3.5906,112.5206,0.000,0.000,0.000,0.286,0.714,0.000,5
20260216-f5078093,20260216-ca3059a5,33,7,13.60,0.8876,3.9392,0.63,0.000032,SnakeCollision,1,8,6.4990,28.4853,3.8135,82.6706,0.000,0.000,0.000,0.000,1.000,0.000,5
20260216-f5078093,20260216-ca3059a5,34,300,299.72,0.8822,4.8599,0.65,0.000035,MaxSteps,1,72,6.6467,32.2813,3.5989,82.5688,0.000,0.000,0.007,0.010,0.983,0.000,5
20260216-f5078093,20260216-ca3059a5,35,46,71.87,0.8776,2.6391,0.66,0.000037,SnakeCollision,1,22,8.0689,34.5594,2.9425,116.0366,0.000,0.000,0.000,0.000,1.000,0.000,6
20260216-f5078093,20260216-ca3059a5,36,100,121.21,0.8776,2.6391,0.66,0.000037,SnakeCollision,1,31,8.0689,34.5594,2.9425,116.0366,0.000,0.000,0.000,0.220,0.780,0.000,6
20260216-f5078093,20260216-ca3059a5,37,101,139.07,0.8776,2.6391,0.66,0.000037,SnakeCollision,1,31,8.0689,34.5594,2.9425,116.0366,0.000,0.000,0.000,0.000,1.000,0.000,6
20260216-f5078093,20260216-ca3059a5,38,24,47.29,0.8752,3.4409,0.67,0.000038,SnakeCollision,1,19,6.8916,17.2703,2.7672,65.9230,0.000,0.000,0.000,0.292,0.708,0.000,6
20260216-f5078093,20260216-ca3059a5,39,26,19.40,0.8751,4.3466,0.67,0.000038,SnakeCollision,1,10,7.1843,35.9171,3.2771,183.6957,0.000,0.000,0.000,0.038,0.962,0.000,6
20260216-f5078093,20260216-ca3059a5,40,236,244.64,0.8713,5.2728,0.69,0.000040,SnakeCollision,1,60,7.1889,21.9938,3.0296,114.6792,0.000,0.000,0.004,0.119,0.877,0.000,6
20260216-f5078093,20260216-ca3059a5,41,40,62.22,0.8712,3.7107,0.69,0.000040,SnakeCollision,1,19,8.5181,28.8292,3.3960,105.1793,0.025,0.000,0.025,0.100,0.850,0.000,6
20260216-f5078093,20260216-ca3059a5,42,42,72.26,0.8711,4.9676,0.69,0.000040,SnakeCollision,1,23,8.5602,29.9739,4.0521,254.3203,0.000,0.000,0.000,0.024,0.976,0.000,6
20260216-f5078093,20260216-ca3059a5,43,300,268.14,0.8650,3.6532,0.71,0.000043,MaxSteps,1,59,6.9263,30.3813,2.9415,90.5133,0.000,0.000,0.000,0.123,0.877,0.000,6
20260216-f5078093,20260216-ca3059a5,44,150,101.49,0.8628,4.0442,0.72,0.000045,SnakeCollision,1,40,9.2995,34.1106,3.4477,191.9366,0.000,0.000,0.000,0.013,0.980,0.007,6
20260216-f5078093,20260216-ca3059a5,45,151,241.53,0.8627,4.1333,0.72,0.000045,SnakeCollision,1,74,6.8995,30.5076,3.0976,66.1727,0.000,0.000,0.000,0.099,0.894,0.007,6
20260216-f5078093,20260216-ca3059a5,46,82,118.10,0.8569,4.2697,0.75,0.000048,SnakeCollision,1,29,6.8144,24.2568,3.0155,130.3907,0.000,0.000,0.000,0.244,0.756,0.000,7
20260216-f5078093,20260216-ca3059a5,47,60,86.65,0.8569,4.2697,0.75,0.000048,SnakeCollision,1,25,6.8144,24.2568,3.0155,130.3907,0.000,0.000,0.000,0.083,0.917,0.000,7
20260216-f5078093,20260216-ca3059a5,48,59,71.66,0.8569,4.2697,0.75,0.000048,SnakeCollision,1,24,6.8144,24.2568,3.0155,130.3907,0.000,0.000,0.000,0.102,0.881,0.017,7
20260216-f5078093,20260216-ca3059a5,49,145,145.05,0.8569,5.4874,0.75,0.000048,SnakeCollision,1,37,7.0190,31.4685,3.8077,182.4195,0.000,0.000,0.000,0.014,0.986,0.000,7
20260216-f5078093,20260216-ca3059a5,50,146,81.75,0.8569,5.4874,0.75,0.000048,SnakeCollision,1,29,7.0190,31.4685,3.8077,182.4195,0.000,0.000,0.000,0.007,0.993,0.000,7
20260216-f5078093,20260216-ca3059a5,51,3,9.11,0.8568,3.8193,0.75,0.000048,SnakeCollision,1,7,5.9725,19.1743,3.8481,176.9079,0.000,0.000,0.000,1.000,0.000,0.000,7
20260216-f5078093,20260216-ca3059a5,52,3,46.20,0.8567,6.0731,0.75,0.000048,SnakeCollision,1,19,3.8825,19.3355,3.8587,233.9974,0.000,0.000,0.000,0.000,1.000,0.000,7
20260216-f5078093,20260216-ca3059a5,53,31,68.37,0.8538,2.5678,0.76,0.000049,SnakeCollision,1,23,7.4245,30.5035,3.8939,35.9543,0.000,0.000,0.000,0.032,0.968,0.000,7
20260216-f5078093,20260216-ca3059a5,54,78,84.52,0.8491,3.8009,0.78,0.000052,SnakeCollision,1,26,5.8871,27.0952,3.4754,111.0646,0.000,0.000,0.000,0.167,0.833,0.000,7
20260216-f5078093,20260216-ca3059a5,55,82,176.47,0.8490,2.1482,0.78,0.000052,SnakeCollision,1,53,7.8224,24.3032,3.8980,53.4772,0.000,0.000,0.000,0.073,0.915,0.012,7
20260216-f5078093,20260216-ca3059a5,56,81,80.24,0.8490,2.1482,0.78,0.000052,SnakeCollision,1,27,7.8224,24.3032,3.8980,53.4772,0.000,0.000,0.000,0.198,0.802,0.000,7
20260216-f5078093,20260216-ca3059a5,57,81,89.36,0.8489,4.3815,0.78,0.000052,SnakeCollision,1,31,6.5393,27.3179,3.2610,148.9194,0.000,0.000,0.000,0.173,0.827,0.000,7
20260216-f5078093,20260216-ca3059a5,58,52,71.38,0.8488,3.5945,0.78,0.000052,SnakeCollision,1,22,7.5382,22.0688,3.7131,59.5677,0.000,0.019,0.038,0.058,0.885,0.000,7
20260216-f5078093,20260216-ca3059a5,59,85,93.97,0.8487,2.5885,0.78,0.000052,SnakeCollision,1,27,7.8677,22.0663,3.6604,36.8114,0.000,0.000,0.000,0.012,0.988,0.000,7
20260216-f5078093,20260216-ca3059a5,60,7,46.60,0.8482,2.2359,0.78,0.000052,SnakeCollision,1,19,5.8874,25.1764,3.0866,103.7277,0.000,0.000,0.000,0.000,1.000,0.000,7
20260216-f5078093,20260216-ca3059a5,61,12,45.44,0.8478,2.9003,0.78,0.000052,SnakeCollision,1,21,8.7689,23.2134,4.1415,155.6429,0.000,0.000,0.000,0.167,0.833,0.000,7
20260216-f5078093,20260216-ca3059a5,62,242,231.07,0.8477,5.6313,0.78,0.000052,SnakeCollision,1,62,8.6809,33.7197,4.0057,300.6526,0.000,0.000,0.000,0.021,0.979,0.000,6
20260216-f5078093,20260216-ca3059a5,63,11,37.00,0.8477,5.6313,0.78,0.000052,SnakeCollision,1,21,8.6809,33.7197,4.0057,300.6526,0.000,0.000,0.000,0.273,0.727,0.000,6
20260216-f5078093,20260216-ca3059a5,64,14,46.67,0.8477,5.6313,0.78,0.000052,SnakeCollision,1,21,8.6809,33.7197,4.0057,300.6526,0.000,0.000,0.000,0.143,0.857,0.000,6
20260216-f5078093,20260216-ca3059a5,65,16,62.50,0.8476,2.6983,0.78,0.000052,SnakeCollision,1,26,9.0735,22.9408,4.3394,79.8728,0.000,0.000,0.000,0.125,0.875,0.000,6
20260216-f5078093,20260216-ca3059a5,66,83,90.55,0.8397,1.9253,0.81,0.000056,SnakeCollision,1,28,7.0342,31.3416,2.9981,57.7578,0.000,0.000,0.000,0.337,0.663,0.000,5
20260216-f5078093,20260216-ca3059a5,67,85,104.97,0.8396,3.8934,0.81,0.000057,SnakeCollision,1,31,7.3325,24.4531,3.5819,202.8217,0.000,0.000,0.012,0.118,0.871,0.000,4
20260216-f5078093,20260216-ca3059a5,68,85,85.80,0.8396,3.8934,0.81,0.000057,SnakeCollision,1,28,7.3325,24.4531,3.5819,202.8217,0.000,0.000,0.000,0.165,0.835,0.000,4
20260216-f5078093,20260216-ca3059a5,69,100,115.40,0.8395,4.2664,0.82,0.000057,SnakeCollision,1,34,8.9985,34.4380,3.8065,273.4739,0.000,0.010,0.000,0.030,0.960,0.000,4
20260216-f5078093,20260216-ca3059a5,70,3,41.20,0.8394,3.9362,0.82,0.000057,SnakeCollision,1,20,9.3905,35.3973,3.5705,250.4825,0.000,0.000,0.000,0.000,1.000,0.000,4
20260216-f5078093,20260216-ca3059a5,71,57,169.58,0.8342,1.7434,0.84,0.000059,SnakeCollision,1,58,6.8755,23.4020,3.5160,45.8320,0.000,0.018,0.018,0.228,0.702,0.035,4
20260216-f5078093,20260216-ca3059a5,72,58,93.51,0.8341,4.4324,0.84,0.000059,SnakeCollision,1,28,5.1625,33.5475,3.4799,94.2081,0.000,0.000,0.000,0.017,0.983,0.000,4
20260216-f5078093,20260216-ca3059a5,73,58,86.32,0.8340,4.5314,0.84,0.000060,SnakeCollision,1,32,6.2491,26.9653,3.7284,142.5186,0.000,0.000,0.000,0.017,0.983,0.000,4
20260216-f5078093,20260216-ca3059a5,74,53,170.35,0.8292,0.7644,0.86,0.000062,SnakeCollision,1,59,7.9188,30.4951,3.8391,24.2044,0.000,0.038,0.000,0.075,0.868,0.019,4
20260216-f5078093,20260216-ca3059a5,75,109,107.78,0.8291,1.5620,0.86,0.000062,SnakeCollision,1,32,7.2971,37.4794,3.5508,64.0691,0.000,0.000,0.000,0.009,0.991,0.000,4
20260216-f5078093,20260216-ca3059a5,76,52,85.18,0.8291,1.5620,0.86,0.000062,SnakeCollision,1,22,7.2971,37.4794,3.5508,64.0691,0.000,0.000,0.000,0.077,0.923,0.000,4
20260216-f5078093,20260216-ca3059a5,77,62,92.96,0.8234,1.7916,0.88,0.000065,SnakeCollision,1,28,6.6165,26.6198,3.0347,40.3499,0.000,0.016,0.000,0.113,0.871,0.000,4
20260216-f5078093,20260216-ca3059a5,78,122,124.67,0.8178,2.0405,0.90,0.000068,SnakeCollision,1,37,7.5878,32.4355,2.9277,101.9234,0.000,0.000,0.000,0.008,0.992,0.000,5
20260216-f5078093,20260216-ca3059a5,79,62,110.07,0.8177,2.5844,0.90,0.000068,SnakeCollision,1,30,6.0073,32.5729,3.6434,82.1913,0.000,0.000,0.000,0.129,0.871,0.000,5
20260216-f5078093,20260216-ca3059a5,80,177,206.96,0.8176,3.6423,0.90,0.000068,SnakeCollision,1,54,6.4356,30.9197,3.7599,208.8339,0.000,0.000,0.000,0.011,0.989,0.000,5
20260216-f5078093,20260216-ca3059a5,81,4,3.88,0.8175,0.9734,0.91,0.000068,SnakeCollision,1,7,6.6083,28.8178,3.5274,72.7651,0.000,0.000,0.000,0.000,1.000,0.000,5
20260216-f5078093,20260216-ca3059a5,82,27,55.19,0.8150,1.8373,0.92,0.000070,SnakeCollision,1,20,7.8051,29.7293,3.1949,51.7694,0.037,0.000,0.000,0.074,0.889,0.000,5
20260216-f5078093,20260216-ca3059a5,83,31,57.39,0.8149,3.4219,0.92,0.000070,SnakeCollision,1,22,8.0020,37.1240,3.3188,186.7019,0.032,0.000,0.000,0.097,0.871,0.000,5
20260216-f5078093,20260216-ca3059a5,84,154,148.98,0.8148,2.2574,0.92,0.000070,SnakeCollision,1,45,5.7953,29.9641,3.6927,50.4370,0.000,0.000,0.000,0.084,0.916,0.000,5
20260216-f5078093,20260216-ca3059a5,85,32,76.41,0.8147,1.9481,0.92,0.000070,SnakeCollision,1,28,5.9713,30.4150,3.1193,68.5148,0.000,0.000,0.000,0.094,0.906,0.000,5
20260216-f5078093,20260216-ca3059a5,86,32,60.89,0.8146,1.1280,0.92,0.000070,SnakeCollision,1,23,8.1842,30.6748,3.5757,42.9654,0.000,0.000,0.000,0.000,1.000,0.000,4
20260216-f5078093,20260216-ca3059a5,87,32,70.75,0.8119,2.2721,0.93,0.000071,SnakeCollision,1,24,5.4896,33.3930,3.5493,63.9816,0.000,0.000,0.000,0.031,0.969,0.000,4
20260216-f5078093,20260216-ca3059a5,88,32,62.95,0.8118,1.2738,0.93,0.000071,SnakeCollision,1,22,8.0695,28.5564,3.5427,32.8106,0.000,0.000,0.000,0.094,0.906,0.000,4
20260216-f5078093,20260216-ca3059a5,89,138,180.09,0.8021,1.7646,0.97,0.000077,SnakeCollision,1,44,7.4844,37.7638,2.6488,45.4781,0.014,0.000,0.000,0.094,0.891,0.000,3
20260216-f5078093,20260216-ca3059a5,90,217,244.82,0.7922,1.1179,1.00,0.000082,SnakeCollision,1,57,6.1020,30.3821,2.8107,50.8296,0.000,0.005,0.000,0.074,0.922,0.000,4
20260216-f5078093,20260216-ca3059a5,91,262,299.57,0.7883,1.9434,1.00,0.000085,Wall,1,71,5.1365,28.6721,3.4380,75.8792,0.000,0.000,0.000,0.141,0.859,0.000,4
20260216-f5078093,20260216-ca3059a5,92,45,69.17,0.7882,0.7775,1.00,0.000085,SnakeCollision,1,22,7.4408,34.2339,2.8045,33.8019,0.000,0.000,0.000,0.089,0.911,0.000,4
20260216-f5078093,20260216-ca3059a5,93,172,155.04,0.7867,3.0294,1.00,0.000085,SnakeCollision,1,47,7.4044,33.9730,3.5164,232.8942,0.000,0.000,0.000,0.192,0.808,0.000,4
20260216-f5078093,20260216-ca3059a5,94,116,116.90,0.7765,0.5965,1.00,0.000091,SnakeCollision,1,33,6.8095,32.0527,3.0671,61.5925,0.000,0.000,0.009,0.026,0.966,0.000,5
20260216-f5078093,20260216-ca3059a5,95,147,164.61,0.7754,1.1928,1.00,0.000092,SnakeCollision,1,41,7.0649,34.7604,2.8968,35.0069,0.000,0.000,0.000,0.041,0.959,0.000,5
20260216-f5078093,20260216-ca3059a5,96,147,174.28,0.7753,0.3296,1.00,0.000092,SnakeCollision,1,45,6.1170,33.6841,3.0689,13.3304,0.000,0.000,0.000,0.150,0.850,0.000,5
20260216-f5078093,20260216-ca3059a5,97,89,118.58,0.7688,0.8166,1.00,0.000096,SnakeCollision,1,35,8.9648,31.8087,3.0115,101.7389,0.000,0.000,0.000,0.258,0.742,0.000,6
20260216-f5078093,20260216-ca3059a5,98,76,58.49,0.7688,0.8166,1.00,0.000096,SnakeCollision,1,28,8.9648,31.8087,3.0115,101.7389,0.000,0.000,0.000,0.013,0.987,0.000,6
20260216-f5078093,20260216-ca3059a5,99,90,55.41,0.7688,0.8166,1.00,0.000096,SnakeCollision,1,16,8.9648,31.8087,3.0115,101.7389,0.000,0.000,0.000,0.067,0.933,0.000,6
20260216-f5078093,20260216-ca3059a5,100,300,311.49,0.7661,1.7033,1.00,0.000097,MaxSteps,1,72,4.8852,35.5917,3.8406,68.4320,0.000,0.007,0.003,0.203,0.787,0.000,6
20260216-f5078093,20260216-ca3059a5,101,56,65.13,0.7640,0.4586,1.00,0.000098,SnakeCollision,1,22,5.9376,29.3962,2.3925,30.4918,0.000,0.000,0.000,0.179,0.821,0.000,7
20260216-f5078093,20260216-ca3059a5,102,24,63.04,0.7640,0.4586,1.00,0.000098,SnakeCollision,1,21,5.9376,29.3962,2.3925,30.4918,0.000,0.000,0.000,0.000,1.000,0.000,7
20260216-f5078093,20260216-ca3059a5,103,56,87.46,0.7640,0.4586,1.00,0.000098,SnakeCollision,1,23,5.9376,29.3962,2.3925,30.4918,0.000,0.000,0.000,0.000,1.000,0.000,7
20260216-f5078093,20260216-ca3059a5,104,137,115.69,0.7635,1.6016,1.00,0.000099,SnakeCollision,1,38,7.3694,26.2282,3.1681,111.7636,0.007,0.000,0.000,0.073,0.920,0.000,7
20260216-f5078093,20260216-ca3059a5,105,30,26.82,0.7616,1.1413,1.00,0.000100,SnakeCollision,1,13,8.7585,37.6254,3.1695,49.1783,0.000,0.033,0.000,0.100,0.867,0.000,7
20260216-f5078093,20260216-ca3059a5,106,24,56.19,0.7615,1.1443,1.00,0.000100,SnakeCollision,1,21,5.5643,22.8727,3.1851,28.2817,0.000,0.000,0.000,0.250,0.750,0.000,7
20260216-f5078093,20260216-ca3059a5,107,2,-13.90,0.7614,0.8475,1.00,0.000100,SnakeCollision,1,1,7.7454,35.1747,2.5362,27.8833,0.000,0.000,0.000,0.000,1.000,0.000,7
20260216-f5078093,20260216-ca3059a5,108,88,95.90,0.7613,2.5934,1.00,0.000100,SnakeCollision,1,30,5.7140,24.4727,3.8755,66.5527,0.000,0.000,0.011,0.000,0.989,0.000,7
20260216-f5078093,20260216-ca3059a5,109,39,70.67,0.7607,3.0562,1.00,0.000100,SnakeCollision,1,28,5.4744,21.0562,3.4628,59.3192,0.000,0.000,0.000,0.333,0.667,0.000,6
20260216-f5078093,20260216-ca3059a5,110,170,193.59,0.7496,1.2441,1.00,0.000100,SnakeCollision,1,44,5.4211,35.0324,3.0232,43.0019,0.000,0.006,0.000,0.071,0.924,0.000,5
20260216-f5078093,20260216-ca3059a5,111,141,160.62,0.7496,1.8317,1.00,0.000100,SnakeCollision,1,38,6.4419,26.0071,2.7854,56.6756,0.000,0.000,0.000,0.021,0.979,0.000,5
20260216-f5078093,20260216-ca3059a5,112,171,153.13,0.7496,1.8317,1.00,0.000100,SnakeCollision,1,40,6.4419,26.0071,2.7854,56.6756,0.000,0.006,0.012,0.018,0.965,0.000,5
20260216-f5078093,20260216-ca3059a5,113,9,21.43,0.7488,1.3230,1.00,0.000100,SnakeCollision,1,14,5.0288,20.6755,2.8869,60.3731,0.000,0.000,0.000,0.333,0.667,0.000,5
20260216-f5078093,20260216-ca3059a5,114,259,296.79,0.7396,2.1220,1.00,0.000100,SnakeCollision,1,85,4.9269,36.1013,3.0107,47.3840,0.000,0.004,0.000,0.042,0.950,0.004,6
20260216-f5078093,20260216-ca3059a5,115,121,109.38,0.7396,2.1220,1.00,0.000100,SnakeCollision,1,36,4.9269,36.1013,3.0107,47.3840,0.000,0.000,0.000,0.025,0.975,0.000,6
20260216-f5078093,20260216-ca3059a5,116,111,120.93,0.7396,2.1220,1.00,0.000100,SnakeCollision,1,31,4.9269,36.1013,3.0107,47.3840,0.000,0.000,0.009,0.054,0.937,0.000,6
20260216-61c5c28c,20260216-f5078093,117,101,92.23,0.7312,16.0167,0.42,0.000005,SnakeCollision,1,27,6.9299,21.6803,5.2509,289.3088,0.000,0.000,0.000,0.208,0.792,0.000,2
20260216-61c5c28c,20260216-f5078093,118,57,70.75,0.7312,21.2568,0.42,0.000005,SnakeCollision,1,23,6.3374,18.4252,5.4136,322.1420,0.000,0.000,0.000,0.316,0.684,0.000,2
20260216-61c5c28c,20260216-f5078093,119,2,-9.90,0.7311,20.6411,0.42,0.000005,SnakeCollision,1,1,7.5797,22.5122,6.0557,339.2733,0.000,0.000,0.000,0.000,1.000,0.000,2
20260216-61c5c28c,20260216-f5078093,120,23,60.94,0.7293,32.0086,0.43,0.000006,SnakeCollision,1,22,6.0042,23.1115,6.6048,344.7113,0.000,0.000,0.000,0.043,0.957,0.000,2
20260216-61c5c28c,20260216-f5078093,121,23,53.97,0.7292,11.1609,0.43,0.000006,SnakeCollision,1,22,6.9200,23.1943,6.6259,111.7267,0.000,0.000,0.000,0.391,0.565,0.043,2
20260216-61c5c28c,20260216-f5078093,122,75,150.62,0.7231,8.3914,0.46,0.000010,SnakeCollision,1,44,10.5523,34.0649,3.6865,142.6799,0.013,0.040,0.013,0.093,0.827,0.013,2
20260216-61c5c28c,20260216-f5078093,123,117,186.04,0.7138,1.6210,0.50,0.000016,SnakeCollision,1,48,9.2761,20.4467,1.9895,43.1203,0.000,0.000,0.000,0.009,0.991,0.000,3
20260216-61c5c28c,20260216-f5078093,124,194,196.59,0.7137,2.2871,0.50,0.000016,SnakeCollision,1,57,9.3355,35.7409,2.1052,70.9492,0.000,0.000,0.000,0.052,0.948,0.000,3
20260216-61c5c28c,20260216-f5078093,125,6,43.74,0.7133,4.1336,0.50,0.000016,SnakeCollision,1,21,8.3185,21.2943,3.0653,118.6404,0.000,0.000,0.000,0.000,1.000,0.000,3
20260216-61c5c28c,20260216-f5078093,126,122,119.91,0.7044,4.2937,0.55,0.000022,SnakeCollision,1,34,10.3144,31.5878,2.7493,108.7083,0.008,0.000,0.000,0.262,0.730,0.000,4
20260216-61c5c28c,20260216-f5078093,127,1,-15.00,0.7044,4.2937,0.55,0.000022,SnakeCollision,1,0,10.3144,31.5878,2.7493,108.7083,0.000,0.000,0.000,0.000,1.000,0.000,4
20260216-61c5c28c,20260216-f5078093,128,120,125.90,0.7043,3.7059,0.55,0.000022,SnakeCollision,1,41,9.6805,40.9266,3.0494,97.4230,0.008,0.000,0.000,0.225,0.767,0.000,4
20260216-61c5c28c,20260216-f5078093,129,50,73.05,0.7005,3.4871,0.57,0.000024,SnakeCollision,1,27,10.9321,34.0788,3.0098,202.4699,0.000,0.000,0.000,0.200,0.800,0.000,4
20260216-61c5c28c,20260216-f5078093,130,300,262.45,0.6900,3.8831,0.62,0.000031,MaxSteps,1,76,8.2507,19.6740,2.6542,167.8953,0.000,0.000,0.003,0.190,0.803,0.003,5
20260216-7b920d7e,20260216-f5078093,117,300,320.47,0.7152,0.5877,0.49,0.000015,MaxSteps,1,81,7.5975,18.5193,1.1124,31.3976,0.000,0.000,0.000,0.143,0.857,0.000,1
20260216-7b920d7e,20260216-f5078093,118,36,72.08,0.7124,0.7022,0.50,0.000017,BrowserError,1,23,8.1036,19.0208,1.0092,41.0269,0.000,0.000,0.000,0.056,0.944,0.000,1
20260216-7b920d7e,20260216-f5078093,119,25,18.22,0.7104,2.8795,0.51,0.000018,SnakeCollision,1,12,7.5527,17.2654,3.1720,154.3919,0.000,0.000,0.000,0.400,0.600,0.000,1
20260216-7b920d7e,20260216-f5078093,120,37,52.27,0.7075,0.4794,0.53,0.000020,SnakeCollision,1,20,9.1474,19.3513,1.4414,22.0461,0.000,0.000,0.000,0.027,0.973,0.000,1
20260216-7b920d7e,20260216-f5078093,121,46,59.40,0.7039,0.9290,0.55,0.000022,SnakeCollision,1,23,8.7779,21.6528,1.8204,50.7778,0.000,0.000,0.000,0.457,0.543,0.000,1
20260216-7b920d7e,20260216-f5078093,122,197,182.10,0.6887,0.1776,0.62,0.000032,SnakeCollision,1,57,9.2777,25.6494,0.6998,37.9159,0.000,0.005,0.005,0.081,0.909,0.000,1
20260216-7b920d7e,20260216-f5078093,123,74,89.56,0.6831,0.1060,0.65,0.000036,SnakeCollision,1,28,8.7719,25.1556,0.6490,9.4315,0.000,0.000,0.000,0.216,0.784,0.000,1
20260216-7b920d7e,20260216-f5078093,124,186,175.63,0.6693,0.3380,0.72,0.000045,SnakeCollision,1,51,9.2459,19.5849,1.2715,15.7796,0.000,0.000,0.000,0.000,1.000,0.000,1
20260216-7b920d7e,20260216-f5078093,125,40,50.15,0.6663,0.9071,0.74,0.000047,SnakeCollision,1,22,8.4603,23.1298,1.3235,36.4477,0.000,0.000,0.000,0.575,0.425,0.000,1
20260216-7b920d7e,20260216-f5078093,126,66,86.67,0.6615,0.2617,0.76,0.000050,SnakeCollision,1,27,7.5540,27.8917,1.0557,41.1660,0.000,0.000,0.000,0.364,0.636,0.000,1
20260216-7b920d7e,20260216-f5078093,127,84,101.59,0.6554,0.2798,0.79,0.000055,SnakeCollision,1,29,7.3445,25.6577,1.0608,32.7034,0.000,0.000,0.000,0.190,0.810,0.000,1
20260216-7b920d7e,20260216-f5078093,128,298,248.15,0.6344,0.5386,0.91,0.000069,SnakeCollision,1,72,10.0705,24.8791,1.6712,50.7033,0.000,0.000,0.000,0.000,1.000,0.000,1
20260216-7b920d7e,20260216-f5078093,129,30,55.27,0.6323,0.6479,0.92,0.000071,SnakeCollision,1,22,7.5657,20.4395,2.2642,83.9130,0.000,0.000,0.000,0.667,0.333,0.000,1
20260216-7b920d7e,20260216-f5078093,130,60,72.04,0.6282,0.5660,0.94,0.000074,SnakeCollision,1,26,9.2171,23.0904,1.7196,30.6674,0.000,0.000,0.000,0.000,1.000,0.000,1
20260216-7b920d7e,20260216-f5078093,131,12,22.55,0.6274,0.5718,0.95,0.000075,SnakeCollision,1,13,7.7725,24.4146,1.5863,57.6206,0.000,0.000,0.000,0.583,0.417,0.000,1
20260216-7b920d7e,20260216-f5078093,132,46,74.62,0.6242,0.4292,0.96,0.000077,SnakeCollision,1,26,9.8949,22.6559,1.2426,57.6839,0.000,0.000,0.000,0.152,0.848,0.000,1
20260216-7b920d7e,20260216-f5078093,133,81,89.36,0.6187,0.6885,1.00,0.000081,SnakeCollision,1,29,9.0241,24.9436,1.5011,113.6448,0.000,0.012,0.000,0.160,0.827,0.000,1
20260216-7b920d7e,20260216-f5078093,134,26,46.57,0.6170,0.3640,1.00,0.000082,SnakeCollision,1,19,9.0284,25.6320,1.0396,47.2647,0.000,0.000,0.000,0.192,0.808,0.000,1
20260216-7b920d7e,20260216-f5078093,135,35,68.81,0.6147,0.2591,1.00,0.000084,SnakeCollision,1,22,8.8218,24.5746,1.3477,37.2754,0.000,0.000,0.000,0.143,0.857,0.000,1
20260216-7b920d7e,20260216-f5078093,136,292,202.48,0.5955,0.2828,1.00,0.000099,Wall,1,76,7.9093,22.9997,1.3153,24.7021,0.000,0.000,0.000,0.086,0.914,0.000,1
20260216-569fee67,20260216-d9e8d440,137,210,244.81,0.5705,4.1986,0.47,0.000012,SnakeCollision,1,65,10.3225,17.8315,2.5021,84.3140,0.000,0.005,0.005,0.186,0.805,0.000,3
20260216-569fee67,20260216-d9e8d440,138,28,66.10,0.5688,3.4551,0.49,0.000014,SnakeCollision,1,19,10.5562,23.3631,2.4913,68.8229,0.000,0.000,0.000,0.107,0.893,0.000,3
20260216-569fee67,20260216-d9e8d440,139,300,336.09,0.5674,5.1064,0.49,0.000015,MaxSteps,1,91,10.4435,22.6465,3.0755,73.0630,0.000,0.000,0.000,0.023,0.977,0.000,3
20260216-569fee67,20260216-d9e8d440,140,67,95.79,0.5633,2.7807,0.52,0.000018,SnakeCollision,1,29,10.8124,20.8337,2.3980,61.1121,0.000,0.000,0.015,0.045,0.940,0.000,4
20260216-569fee67,20260216-d9e8d440,141,90,130.85,0.5633,2.7807,0.52,0.000018,SnakeCollision,1,35,10.8124,20.8337,2.3980,61.1121,0.000,0.000,0.011,0.044,0.944,0.000,4
20260216-569fee67,20260216-d9e8d440,142,164,220.11,0.5633,2.7807,0.52,0.000018,SnakeCollision,1,57,10.8124,20.8337,2.3980,61.1121,0.000,0.000,0.000,0.006,0.994,0.000,4
20260216-569fee67,20260216-d9e8d440,143,31,49.23,0.5615,3.4329,0.53,0.000020,SnakeCollision,1,13,10.6656,20.6279,3.3972,72.1411,0.000,0.000,0.000,0.129,0.871,0.000,4
20260216-569fee67,20260216-d9e8d440,144,2,-10.90,0.5594,6.0763,0.55,0.000022,SnakeCollision,1,2,10.9174,21.2541,3.1067,115.5435,0.000,0.000,0.000,0.000,1.000,0.000,5
20260216-569fee67,20260216-d9e8d440,145,300,286.12,0.5455,4.5977,0.64,0.000033,MaxSteps,1,81,9.5202,21.1596,3.5191,97.8667,0.000,0.000,0.000,0.013,0.987,0.000,5
20260216-569fee67,20260216-d9e8d440,146,300,268.23,0.5455,4.5977,0.64,0.000033,MaxSteps,1,82,9.5202,21.1596,3.5191,97.8667,0.000,0.000,0.000,0.017,0.983,0.000,5
20260216-569fee67,20260216-d9e8d440,147,300,378.45,0.5455,4.5977,0.64,0.000033,MaxSteps,1,85,9.5202,21.1596,3.5191,97.8667,0.000,0.000,0.007,0.017,0.977,0.000,5
20260216-569fee67,20260216-d9e8d440,148,271,350.79,0.5454,3.0549,0.64,0.000033,SnakeCollision,1,80,9.6046,19.0557,3.2498,92.7141,0.000,0.000,0.007,0.037,0.956,0.000,5
20260216-569fee67,20260216-d9e8d440,149,25,68.57,0.5441,6.1785,0.64,0.000035,SnakeCollision,1,24,8.9966,20.5458,3.2662,171.6872,0.000,0.000,0.000,0.240,0.760,0.000,5
20260216-569fee67,20260216-d9e8d440,150,300,303.46,0.5417,2.7332,0.66,0.000037,MaxSteps,1,77,10.3357,22.7408,2.5620,59.9378,0.000,0.000,0.007,0.007,0.987,0.000,5
20260216-569fee67,20260216-d9e8d440,151,140,218.71,0.5374,3.0568,0.69,0.000040,SnakeCollision,1,56,9.1694,22.1776,2.8810,160.2381,0.000,0.000,0.000,0.086,0.914,0.000,5
20260216-569fee67,20260216-d9e8d440,152,140,213.36,0.5374,2.1038,0.69,0.000040,SnakeCollision,1,56,9.4550,19.7568,3.0031,46.7559,0.000,0.007,0.007,0.100,0.886,0.000,5
20260216-569fee67,20260216-d9e8d440,153,105,109.18,0.5315,2.1203,0.73,0.000046,SnakeCollision,1,33,9.6073,24.5515,2.5845,53.6593,0.010,0.000,0.000,0.067,0.924,0.000,5
20260216-569fee67,20260216-d9e8d440,154,181,188.08,0.5314,2.3040,0.73,0.000046,SnakeCollision,1,40,10.8017,25.7300,2.6304,59.5772,0.000,0.000,0.006,0.392,0.602,0.000,5
20260216-569fee67,20260216-d9e8d440,155,252,327.15,0.5311,2.3272,0.73,0.000046,SnakeCollision,1,84,10.5170,28.3639,2.8148,62.5242,0.000,0.000,0.000,0.099,0.901,0.000,5
20260216-569fee67,20260216-d9e8d440,156,55,84.02,0.5280,1.4793,0.75,0.000049,SnakeCollision,1,26,10.2365,26.5256,3.1156,28.7236,0.000,0.000,0.018,0.055,0.927,0.000,5
20260216-569fee67,20260216-d9e8d440,157,63,74.50,0.5279,2.5209,0.75,0.000049,SnakeCollision,1,26,11.3510,27.1955,2.5691,58.5191,0.000,0.000,0.000,0.111,0.889,0.000,5
20260216-569fee67,20260216-d9e8d440,158,167,156.24,0.5279,2.5209,0.75,0.000049,SnakeCollision,1,37,11.3510,27.1955,2.5691,58.5191,0.000,0.000,0.000,0.090,0.910,0.000,5
20260216-569fee67,20260216-d9e8d440,159,300,376.93,0.5270,2.8113,0.76,0.000050,MaxSteps,1,83,10.0412,24.2222,2.9389,55.2799,0.000,0.000,0.000,0.017,0.983,0.000,5
20260216-569fee67,20260216-d9e8d440,160,29,79.11,0.5264,1.6967,0.76,0.000050,SnakeCollision,1,25,10.3573,24.3333,2.8492,44.9814,0.000,0.000,0.000,0.000,1.000,0.000,5
20260216-569fee67,20260216-d9e8d440,161,91,81.90,0.5263,1.9327,0.76,0.000050,SnakeCollision,1,33,10.1200,31.3283,3.0861,34.0687,0.000,0.000,0.000,0.000,1.000,0.000,5
20260216-569fee67,20260216-d9e8d440,162,300,267.59,0.5114,0.9527,0.87,0.000064,MaxSteps,1,60,9.5083,35.9489,2.3393,33.5240,0.000,0.000,0.000,0.053,0.947,0.000,5
20260216-569fee67,20260216-d9e8d440,163,300,250.86,0.5114,0.9527,0.87,0.000064,MaxSteps,1,64,9.5083,35.9489,2.3393,33.5240,0.000,0.003,0.003,0.053,0.940,0.000,5
20260216-569fee67,20260216-d9e8d440,164,300,256.88,0.5105,1.6119,0.88,0.000065,MaxSteps,1,74,8.5496,24.4168,2.5531,51.9650,0.000,0.000,0.000,0.007,0.993,0.000,5
20260216-569fee67,20260216-d9e8d440,165,300,299.53,0.5099,1.7513,0.88,0.000065,MaxSteps,1,67,8.0769,23.9517,2.6457,139.4467,0.000,0.000,0.000,0.073,0.927,0.000,5
20260216-569fee67,20260216-d9e8d440,166,300,344.09,0.5099,0.7274,0.88,0.000065,MaxSteps,1,76,7.8629,23.8470,2.1806,43.8546,0.003,0.000,0.000,0.040,0.957,0.000,5
20260216-569fee67,20260216-d9e8d440,167,170,177.39,0.5009,0.5975,0.94,0.000074,SnakeCollision,1,45,10.1555,21.7477,2.7222,24.9571,0.000,0.000,0.000,0.100,0.900,0.000,5
20260216-569fee67,20260216-d9e8d440,168,300,308.34,0.4956,2.8300,0.98,0.000079,MaxSteps,1,73,11.9831,30.9473,2.8086,294.2803,0.000,0.000,0.000,0.037,0.963,0.000,5
20260216-569fee67,20260216-d9e8d440,169,300,325.76,0.4956,2.8300,0.98,0.000079,MaxSteps,1,65,11.9831,30.9473,2.8086,294.2803,0.000,0.000,0.000,0.077,0.923,0.000,5
20260216-569fee67,20260216-d9e8d440,170,300,345.40,0.4947,1.0293,0.99,0.000080,MaxSteps,1,71,9.3106,20.3360,2.3215,77.7797,0.000,0.007,0.003,0.077,0.913,0.000,5
20260216-569fee67,20260216-d9e8d440,171,300,-144.80,0.4941,0.9282,1.00,0.000080,MaxSteps,1,0,10.3552,29.0814,2.4093,36.5783,0.000,0.000,0.000,0.050,0.950,0.000,5
20260216-569fee67,20260216-d9e8d440,172,176,205.59,0.4865,0.6369,1.00,0.000088,SnakeCollision,1,51,10.1620,22.6327,2.8549,25.6123,0.000,0.000,0.000,0.062,0.938,0.000,5
20260216-569fee67,20260216-d9e8d440,173,300,142.98,0.4854,0.6006,1.00,0.000089,MaxSteps,1,49,9.7696,40.6513,2.3281,23.8391,0.000,0.000,0.003,0.023,0.973,0.000,5
20260216-569fee67,20260216-d9e8d440,174,300,373.35,0.4803,1.5429,1.00,0.000094,MaxSteps,1,86,8.5621,21.0030,2.3495,53.0064,0.000,0.007,0.010,0.087,0.897,0.000,5
20260216-569fee67,20260216-d9e8d440,175,300,335.50,0.4794,0.7391,1.00,0.000095,MaxSteps,1,73,10.8778,26.3183,2.2964,59.2170,0.003,0.000,0.010,0.033,0.953,0.000,5
20260216-569fee67,20260216-d9e8d440,176,300,190.54,0.4788,1.4811,1.00,0.000095,MaxSteps,1,72,7.9569,23.7623,2.7109,101.1881,0.000,0.000,0.000,0.027,0.973,0.000,5
20260216-569fee67,20260216-d9e8d440,177,300,361.64,0.4716,0.5855,1.00,0.000100,MaxSteps,1,81,8.4777,25.3909,1.9867,26.1992,0.000,0.003,0.000,0.063,0.933,0.000,5
20260216-569fee67,20260216-d9e8d440,178,300,334.55,0.4705,1.0298,1.00,0.000100,MaxSteps,1,74,8.8811,18.5575,2.5095,33.8340,0.000,0.000,0.007,0.000,0.993,0.000,5
20260216-569fee67,20260216-d9e8d440,179,276,328.22,0.4667,1.7370,1.00,0.000100,SnakeCollision,1,75,8.7476,21.8010,2.0334,123.4981,0.000,0.004,0.007,0.091,0.899,0.000,5
20260216-569fee67,20260216-d9e8d440,180,114,148.56,0.4650,1.8806,1.00,0.000100,SnakeCollision,1,37,7.9438,20.3416,2.6656,126.0812,0.000,0.009,0.009,0.193,0.789,0.000,5
20260216-569fee67,20260216-d9e8d440,181,300,-63.55,0.4647,1.2899,1.00,0.000100,MaxSteps,1,9,9.2297,37.9138,2.3499,79.1520,0.000,0.000,0.000,0.437,0.563,0.000,5
20260216-569fee67,20260216-d9e8d440,182,300,-46.52,0.4641,1.2918,1.00,0.000100,MaxSteps,1,0,8.5211,28.5939,2.5606,68.9299,0.000,0.000,0.000,0.160,0.840,0.000,5
20260216-569fee67,20260216-d9e8d440,183,300,322.26,0.4571,0.6067,1.00,0.000100,MaxSteps,1,88,9.2603,30.8660,2.2247,39.6870,0.000,0.000,0.000,0.003,0.997,0.000,5
20260216-569fee67,20260216-d9e8d440,184,300,333.51,0.4525,0.9832,1.00,0.000100,MaxSteps,1,71,7.9989,18.5508,2.4660,29.8930,0.000,0.000,0.000,0.080,0.920,0.000,5
20260216-569fee67,20260216-d9e8d440,185,300,403.07,0.4508,0.5159,1.00,0.000100,MaxSteps,1,100,9.5380,32.0192,2.3792,17.7296,0.000,0.003,0.007,0.030,0.957,0.003,5
20260216-569fee67,20260216-d9e8d440,186,300,378.72,0.4506,0.8983,1.00,0.000100,MaxSteps,1,83,8.7348,17.6869,2.4136,44.4166,0.003,0.003,0.010,0.037,0.947,0.000,5
20260216-569fee67,20260216-d9e8d440,187,300,398.16,0.4500,2.7838,1.00,0.000100,MaxSteps,1,87,8.3911,23.5569,3.0669,178.1573,0.000,0.000,0.003,0.080,0.917,0.000,5
20260216-569fee67,20260216-d9e8d440,188,300,385.13,0.4433,1.2745,1.00,0.000100,MaxSteps,1,95,9.0948,34.1062,2.3666,43.5333,0.000,0.000,0.013,0.093,0.887,0.007,5
20260216-569fee67,20260216-d9e8d440,189,183,210.91,0.4416,0.8750,1.00,0.000100,SnakeCollision,1,53,9.7743,23.4103,2.5144,52.0135,0.000,0.000,0.000,0.328,0.672,0.000,5
20260216-569fee67,20260216-d9e8d440,190,237,391.29,0.4416,1.0772,1.00,0.000100,SnakeCollision,1,99,10.7332,27.1416,2.8913,73.4654,0.000,0.000,0.000,0.013,0.983,0.004,5
20260216-569fee67,20260216-d9e8d440,191,300,394.29,0.4371,0.8014,1.00,0.000100,MaxSteps,1,94,7.7233,18.3154,2.3226,30.9473,0.000,0.000,0.003,0.050,0.947,0.000,5
20260216-569fee67,20260216-d9e8d440,192,300,361.16,0.4369,1.0072,1.00,0.000100,MaxSteps,1,93,8.4270,16.5338,2.4136,45.3664,0.000,0.000,0.000,0.000,1.000,0.000,5
20260216-569fee67,20260216-d9e8d440,193,184,209.26,0.4334,0.5182,1.00,0.000100,SnakeCollision,1,53,8.6045,25.1003,2.3654,30.4327,0.000,0.000,0.000,0.152,0.848,0.000,5
20260216-569fee67,20260216-d9e8d440,194,84,113.40,0.4332,0.1173,1.00,0.000100,SnakeCollision,1,32,8.7261,17.2244,2.0453,12.3250,0.000,0.000,0.000,0.000,1.000,0.000,5
20260216-569fee67,20260216-d9e8d440,195,251,322.56,0.4305,2.0758,1.00,0.000100,SnakeCollision,1,76,7.7706,22.2972,2.1083,115.5987,0.004,0.008,0.008,0.092,0.888,0.000,5
20260216-569fee67,20260216-d9e8d440,196,152,303.58,0.4304,0.2079,1.00,0.000100,SnakeCollision,1,75,8.8171,33.5196,2.2708,17.1712,0.000,0.007,0.000,0.105,0.882,0.007,5
20260216-569fee67,20260216-d9e8d440,197,300,386.97,0.4299,1.0245,1.00,0.000100,MaxSteps,1,95,9.1014,27.3114,2.3978,58.2991,0.000,0.000,0.000,0.013,0.987,0.000,5
20260216-569fee67,20260216-d9e8d440,198,151,183.45,0.4233,1.2919,1.00,0.000100,SnakeCollision,1,47,8.2132,25.5565,2.3146,53.6459,0.000,0.000,0.000,0.126,0.874,0.000,5
20260216-569fee67,20260216-d9e8d440,199,164,173.02,0.4233,1.1901,1.00,0.000100,SnakeCollision,1,46,9.4216,27.5977,2.6713,69.2071,0.000,0.000,0.000,0.067,0.933,0.000,5
20260216-569fee67,20260216-d9e8d440,200,300,419.34,0.4204,1.1563,1.00,0.000100,MaxSteps,1,95,8.3395,17.9636,2.4402,65.6393,0.000,0.003,0.000,0.033,0.963,0.000,5
20260216-569fee67,20260216-d9e8d440,201,77,117.52,0.4200,1.0442,1.00,0.000100,SnakeCollision,2,34,9.1508,26.9147,2.8781,43.1559,0.000,0.000,0.000,0.091,0.909,0.000,5
20260216-569fee67,20260216-d9e8d440,202,243,288.57,0.4200,1.3598,1.00,0.000100,SnakeCollision,2,75,8.7614,25.7067,3.2424,49.6909,0.000,0.000,0.000,0.025,0.975,0.000,5
20260216-569fee67,20260216-d9e8d440,203,80,209.95,0.4199,1.0568,1.00,0.000100,SnakeCollision,2,65,9.5577,37.5499,2.6408,28.9217,0.000,0.000,0.000,0.062,0.925,0.013,5
20260216-569fee67,20260216-d9e8d440,204,500,568.47,0.4118,1.5173,1.00,0.000100,MaxSteps,2,131,10.1976,22.4374,2.4806,38.7984,0.000,0.000,0.000,0.002,0.998,0.000,5
20260216-569fee67,20260216-d9e8d440,205,219,503.69,0.4108,0.2166,1.00,0.000100,SnakeCollision,2,77,8.2004,20.3196,2.9480,9.5758,0.000,0.000,0.005,0.027,0.968,0.000,5
20260216-569fee67,20260216-d9e8d440,206,179,441.29,0.4035,1.2353,1.00,0.000100,SnakeCollision,2,78,11.4106,30.2720,3.1614,28.9803,0.006,0.000,0.006,0.134,0.844,0.011,5
20260216-569fee67,20260216-d9e8d440,207,397,789.95,0.4035,0.7245,1.00,0.000100,SnakeCollision,2,116,9.5547,20.3935,3.3768,49.4526,0.003,0.000,0.003,0.116,0.877,0.003,5
20260216-569fee67,20260216-d9e8d440,208,500,1088.32,0.3997,1.9370,1.00,0.000100,MaxSteps,2,150,12.0930,28.3896,3.4532,67.1209,0.002,0.004,0.002,0.044,0.948,0.000,5
20260216-569fee67,20260216-d9e8d440,209,500,1042.17,0.3994,1.3211,1.00,0.000100,MaxSteps,2,136,11.0993,32.7504,3.0045,34.9535,0.002,0.000,0.002,0.068,0.928,0.000,5
20260216-569fee67,20260216-d9e8d440,210,500,1022.33,0.3917,0.9956,1.00,0.000100,MaxSteps,2,134,11.4685,24.7762,3.2032,32.6681,0.002,0.000,0.000,0.038,0.960,0.000,5
20260216-569fee67,20260216-d9e8d440,211,322,623.49,0.3908,2.8061,1.00,0.000100,SnakeCollision,2,84,11.7533,24.5008,4.0714,82.6325,0.000,0.000,0.000,0.000,1.000,0.000,5
20260216-569fee67,20260216-d9e8d440,212,297,585.43,0.3881,1.6472,1.00,0.000100,SnakeCollision,2,82,10.0115,34.7681,4.2072,67.7683,0.000,0.000,0.000,0.010,0.990,0.000,5
20260216-569fee67,20260216-d9e8d440,213,289,528.69,0.3880,1.6233,1.00,0.000100,SnakeCollision,2,77,10.9305,27.9379,4.1790,57.9379,0.000,0.000,0.000,0.017,0.983,0.000,5
20260216-569fee67,20260216-d9e8d440,214,71,152.03,0.3880,4.4894,1.00,0.000100,SnakeCollision,2,27,11.7602,32.5844,4.2045,76.5590,0.000,0.014,0.000,0.028,0.958,0.000,5
20260216-569fee67,20260216-d9e8d440,215,2,-10.71,0.3880,4.4894,1.00,0.000100,SnakeCollision,2,2,11.7602,32.5844,4.2045,76.5590,0.000,0.000,0.000,0.000,1.000,0.000,5
20260216-569fee67,20260216-d9e8d440,216,500,1011.42,0.3839,2.2039,1.00,0.000100,MaxSteps,2,134,10.9686,19.2627,3.3264,57.6308,0.000,0.000,0.000,0.006,0.994,0.000,5
20260216-569fee67,20260216-d9e8d440,217,500,1203.89,0.3728,4.6658,1.00,0.000100,MaxSteps,2,163,13.1103,28.6273,5.0733,88.1434,0.000,0.000,0.002,0.092,0.904,0.002,5
20260216-569fee67,20260216-d9e8d440,218,500,934.09,0.3694,2.4469,1.00,0.000100,MaxSteps,2,120,14.0660,31.7380,4.2605,39.7465,0.000,0.002,0.000,0.026,0.972,0.000,5
20260216-569fee67,20260216-d9e8d440,219,500,1103.40,0.3693,1.7266,1.00,0.000100,MaxSteps,2,139,14.0387,37.1870,4.1996,66.8937,0.000,0.000,0.000,0.092,0.908,0.000,5
20260216-569fee67,20260216-d9e8d440,220,500,1029.79,0.3693,1.7266,1.00,0.000100,MaxSteps,2,127,14.0387,37.1870,4.1996,66.8937,0.000,0.000,0.002,0.074,0.924,0.000,5
20260216-569fee67,20260216-d9e8d440,221,34,100.14,0.3681,2.4317,1.00,0.000100,SnakeCollision,2,20,15.2586,35.6838,4.1388,61.0682,0.000,0.000,0.000,0.029,0.971,0.000,5
20260216-569fee67,20260216-d9e8d440,222,36,133.01,0.3681,1.3791,1.00,0.000100,SnakeCollision,2,25,14.0270,27.9280,4.2042,47.4342,0.000,0.000,0.000,0.139,0.861,0.000,5
20260216-569fee67,20260216-d9e8d440,223,500,989.14,0.3655,2.8774,1.00,0.000100,MaxSteps,2,121,14.1028,30.1824,3.8607,100.8209,0.000,0.000,0.000,0.024,0.976,0.000,5
20260216-569fee67,20260216-d9e8d440,224,62,164.50,0.3633,1.6979,1.00,0.000100,SnakeCollision,2,29,13.7732,33.2538,3.9166,56.5074,0.000,0.000,0.000,0.032,0.968,0.000,5
20260216-569fee67,20260216-d9e8d440,225,316,690.04,0.3570,1.1583,1.00,0.000100,SnakeCollision,2,97,15.1840,31.2244,4.0146,34.1532,0.000,0.000,0.003,0.066,0.930,0.000,5
20260216-569fee67,20260216-d9e8d440,226,181,434.96,0.3569,1.7569,1.00,0.000100,SnakeCollision,2,66,14.7990,32.7825,4.2479,49.0285,0.000,0.006,0.006,0.099,0.890,0.000,5
20260216-569fee67,20260216-d9e8d440,227,500,984.23,0.3551,1.8511,1.00,0.000100,MaxSteps,2,129,15.4151,31.1039,3.9451,84.2661,0.000,0.000,0.000,0.014,0.986,0.000,5
20260216-569fee67,20260216-d9e8d440,228,122,331.79,0.3528,1.3196,1.00,0.000100,SnakeCollision,2,55,18.7898,34.4702,4.3983,56.1528,0.000,0.000,0.000,0.115,0.885,0.000,5
20260216-569fee67,20260216-d9e8d440,229,500,959.79,0.3518,2.0090,1.00,0.000100,MaxSteps,2,141,15.2799,32.9803,3.5818,48.3827,0.000,0.000,0.000,0.010,0.990,0.000,5
20260216-569fee67,20260216-d9e8d440,230,500,870.85,0.3506,3.1575,1.00,0.000100,MaxSteps,2,133,14.0673,34.8648,3.7780,75.4528,0.000,0.000,0.000,0.012,0.986,0.002,5
20260216-569fee67,20260216-d9e8d440,231,36,110.38,0.3506,3.4351,1.00,0.000100,SnakeCollision,2,22,14.3398,27.7611,4.2949,58.7468,0.000,0.000,0.000,0.306,0.694,0.000,5
20260216-569fee67,20260216-d9e8d440,232,287,567.66,0.3472,3.5555,1.00,0.000100,SnakeCollision,2,84,14.9601,29.5078,4.0842,74.4664,0.000,0.000,0.003,0.080,0.916,0.000,5
20260216-569fee67,20260216-d9e8d440,233,167,314.55,0.3471,0.8042,1.00,0.000100,SnakeCollision,2,49,15.3288,35.4242,4.0889,32.9433,0.000,0.000,0.000,0.198,0.802,0.000,5
20260216-569fee67,20260216-d9e8d440,234,105,258.85,0.3471,2.1329,1.00,0.000100,SnakeCollision,2,42,14.9432,34.0903,3.7968,74.9766,0.000,0.000,0.000,0.019,0.981,0.000,5
20260216-569fee67,20260216-d9e8d440,235,500,1064.63,0.3384,2.2932,1.00,0.000100,MaxSteps,2,144,13.9933,25.5194,3.8454,69.6810,0.002,0.000,0.000,0.040,0.958,0.000,5
20260216-569fee67,20260216-d9e8d440,236,500,845.64,0.3342,3.2968,1.00,0.000100,MaxSteps,2,123,13.6302,41.3118,4.9270,81.4340,0.000,0.000,0.000,0.006,0.994,0.000,5
20260216-569fee67,20260216-d9e8d440,237,500,795.59,0.3310,1.8356,1.00,0.000100,MaxSteps,2,101,17.6867,37.5771,4.3743,40.2058,0.000,0.000,0.000,0.008,0.992,0.000,5
20260216-569fee67,20260216-d9e8d440,238,500,1106.31,0.3309,4.0512,1.00,0.000100,MaxSteps,2,147,16.4821,33.2371,4.3249,74.3817,0.002,0.002,0.000,0.060,0.936,0.000,5
20260216-569fee67,20260216-d9e8d440,239,500,1033.99,0.3309,2.2730,1.00,0.000100,MaxSteps,2,132,16.7679,31.2831,3.9316,73.1292,0.000,0.000,0.002,0.036,0.962,0.000,5
20260216-569fee67,20260216-d9e8d440,240,377,810.86,0.3265,4.3432,1.00,0.000100,BrowserError,2,111,15.1530,31.7930,4.7564,136.6257,0.000,0.003,0.000,0.130,0.867,0.000,5
20260216-569fee67,20260216-d9e8d440,241,247,540.39,0.3265,3.8347,1.00,0.000100,BrowserError,2,72,15.6409,31.6619,4.6480,64.5943,0.000,0.000,0.000,0.024,0.976,0.000,4
20260216-569fee67,20260216-d9e8d440,242,144,283.92,0.3265,3.8347,1.00,0.000100,BrowserError,2,42,15.6409,31.6619,4.6480,64.5943,0.000,0.000,0.000,0.083,0.917,0.000,4
20260216-569fee67,20260216-d9e8d440,243,145,245.52,0.3265,3.8347,1.00,0.000100,BrowserError,2,31,15.6409,31.6619,4.6480,64.5943,0.000,0.000,0.000,0.000,1.000,0.000,4
20260216-569fee67,20260216-d9e8d440,244,2,-2.70,0.3264,2.5157,1.00,0.000100,SnakeCollision,2,3,16.9308,39.0329,4.1977,70.3257,0.000,0.000,0.000,0.000,1.000,0.000,3
20260216-569fee67,20260216-d9e8d440,245,1,-20.00,0.3264,2.5157,1.00,0.000100,SnakeCollision,2,0,16.9308,39.0329,4.1977,70.3257,0.000,0.000,0.000,0.000,1.000,0.000,3
20260216-569fee67,20260216-d9e8d440,246,1,-20.00,0.3264,2.5157,1.00,0.000100,SnakeCollision,2,0,16.9308,39.0329,4.1977,70.3257,0.000,0.000,0.000,0.000,1.000,0.000,3
20260216-569fee67,20260216-d9e8d440,247,153,275.55,0.3218,2.6890,1.00,0.000100,SnakeCollision,2,44,15.8437,33.4569,3.6139,88.9900,0.000,0.000,0.000,0.222,0.778,0.000,4
20260216-569fee67,20260216-d9e8d440,248,153,256.75,0.3218,2.6890,1.00,0.000100,SnakeCollision,2,39,15.8437,33.4569,3.6139,88.9900,0.000,0.007,0.013,0.196,0.784,0.000,4
20260216-569fee67,20260216-d9e8d440,249,153,404.74,0.3218,2.6890,1.00,0.000100,SnakeCollision,2,71,15.8437,33.4569,3.6139,88.9900,0.000,0.000,0.000,0.144,0.850,0.007,4
20260216-569fee67,20260216-d9e8d440,250,71,173.31,0.3196,1.3430,1.00,0.000100,SnakeCollision,2,29,15.0525,28.3918,4.1345,44.1481,0.000,0.014,0.000,0.085,0.901,0.000,4
20260216-569fee67,20260216-d9e8d440,251,72,167.99,0.3196,5.7554,1.00,0.000100,SnakeCollision,2,30,16.9258,35.4822,4.3395,137.8692,0.000,0.000,0.000,0.000,1.000,0.000,5
20260216-569fee67,20260216-d9e8d440,252,73,131.55,0.3196,5.7554,1.00,0.000100,SnakeCollision,2,21,16.9258,35.4822,4.3395,137.8692,0.000,0.000,0.000,0.110,0.890,0.000,5
20260216-569fee67,20260216-d9e8d440,253,85,145.34,0.3171,2.9641,1.00,0.000100,SnakeCollision,2,25,15.9840,36.2502,4.1404,95.0575,0.000,0.000,0.000,0.094,0.906,0.000,5
20260216-569fee67,20260216-d9e8d440,254,264,473.18,0.3119,3.3179,1.00,0.000100,SnakeCollision,2,65,15.0687,51.7069,3.4618,79.8305,0.004,0.000,0.000,0.098,0.898,0.000,5
20260216-569fee67,20260216-d9e8d440,255,264,455.15,0.3118,1.4802,1.00,0.000100,SnakeCollision,2,61,15.7139,30.1213,3.7547,53.7019,0.000,0.004,0.004,0.170,0.822,0.000,5
20260216-569fee67,20260216-d9e8d440,256,500,615.22,0.3071,2.4968,1.00,0.000100,MaxSteps,2,81,16.6423,35.5495,4.6363,101.6328,0.000,0.000,0.000,0.012,0.988,0.000,5
20260216-569fee67,20260216-d9e8d440,257,500,716.39,0.3051,4.6812,1.00,0.000100,MaxSteps,2,97,16.2250,41.1629,4.7997,119.1913,0.000,0.000,0.000,0.048,0.952,0.000,5
20260216-569fee67,20260216-d9e8d440,258,500,969.29,0.3027,3.5486,1.00,0.000100,MaxSteps,2,129,16.3458,34.4891,4.7018,110.9836,0.000,0.004,0.002,0.122,0.870,0.002,5
20260216-569fee67,20260216-d9e8d440,259,116,215.41,0.2995,0.2210,1.00,0.000100,SnakeCollision,2,32,15.3528,29.4993,2.8571,13.6857,0.000,0.000,0.000,0.233,0.767,0.000,5
20260216-569fee67,20260216-d9e8d440,260,248,447.98,0.2982,0.9350,1.00,0.000100,SnakeCollision,2,58,14.1146,41.2791,4.3586,27.1262,0.008,0.004,0.000,0.105,0.883,0.000,5
20260216-569fee67,20260216-d9e8d440,261,500,792.39,0.2978,6.4405,1.00,0.000100,MaxSteps,2,98,15.2674,35.3747,4.7800,102.4264,0.000,0.002,0.000,0.004,0.994,0.000,5
20260216-569fee67,20260216-d9e8d440,262,500,837.91,0.2978,2.1228,1.00,0.000100,MaxSteps,2,95,17.2533,41.3702,3.8815,117.5297,0.000,0.002,0.000,0.048,0.950,0.000,5
20260216-569fee67,20260216-d9e8d440,263,52,110.84,0.2964,1.7961,1.00,0.000100,SnakeCollision,2,22,15.8767,44.3210,3.7207,108.2596,0.000,0.000,0.000,0.000,1.000,0.000,5
20260216-569fee67,20260216-d9e8d440,264,165,306.27,0.2951,3.5860,1.00,0.000100,SnakeCollision,2,47,15.2281,30.2022,3.7833,84.9851,0.000,0.006,0.000,0.024,0.970,0.000,5
20260216-569fee67,20260216-d9e8d440,265,94,219.13,0.2938,5.5874,1.00,0.000100,SnakeCollision,2,33,18.1300,43.3162,4.4183,142.5608,0.000,0.000,0.000,0.011,0.989,0.000,5
20260216-569fee67,20260216-d9e8d440,266,163,331.18,0.2938,4.7421,1.00,0.000100,SnakeCollision,2,53,15.3017,27.4420,3.7552,149.4586,0.000,0.000,0.000,0.074,0.926,0.000,5
20260216-569fee67,20260216-d9e8d440,267,500,840.17,0.2934,3.7570,1.00,0.000100,MaxSteps,2,101,15.7420,35.3745,3.4689,97.1215,0.000,0.002,0.000,0.046,0.952,0.000,5
20260216-569fee67,20260216-d9e8d440,268,132,266.96,0.2899,4.4759,1.00,0.000100,SnakeCollision,2,40,13.9212,33.9744,3.5221,119.6672,0.000,0.000,0.000,0.235,0.765,0.000,5
20260216-569fee67,20260216-d9e8d440,269,150,298.16,0.2898,7.2043,1.00,0.000100,SnakeCollision,2,47,15.4763,40.5787,4.4440,138.9987,0.000,0.000,0.000,0.073,0.927,0.000,5
20260216-569fee67,20260216-d9e8d440,270,500,822.90,0.2846,2.6915,1.00,0.000100,MaxSteps,2,111,14.0858,28.5082,3.6309,109.4459,0.000,0.000,0.000,0.010,0.990,0.000,5
20260216-569fee67,20260216-d9e8d440,271,500,913.62,0.2820,2.8020,1.00,0.000100,MaxSteps,2,117,14.7600,31.3037,4.2323,78.4942,0.000,0.008,0.002,0.108,0.876,0.006,5
20260216-569fee67,20260216-d9e8d440,272,318,564.09,0.2817,2.3900,1.00,0.000100,SnakeCollision,2,75,15.1822,41.3039,3.9171,92.0924,0.000,0.000,0.000,0.101,0.899,0.000,5
20260216-569fee67,20260216-d9e8d440,273,500,914.28,0.2809,3.0122,1.00,0.000100,MaxSteps,2,121,14.3728,28.4230,4.0887,80.9489,0.000,0.000,0.000,0.014,0.984,0.002,5
20260216-569fee67,20260216-d9e8d440,274,354,624.78,0.2808,4.4931,1.00,0.000100,SnakeCollision,2,78,14.7995,41.7002,3.9276,107.5082,0.003,0.000,0.000,0.051,0.946,0.000,5
20260216-569fee67,20260216-d9e8d440,275,153,265.16,0.2807,2.5801,1.00,0.000100,SnakeCollision,2,42,15.0214,41.3146,4.1354,48.6460,0.000,0.000,0.000,0.059,0.941,0.000,5
20260216-569fee67,20260216-d9e8d440,276,7,89.72,0.2807,3.3254,1.00,0.000100,SnakeCollision,2,21,15.2868,33.6966,3.9841,81.3743,0.000,0.000,0.000,0.143,0.857,0.000,5
20260216-569fee67,20260216-d9e8d440,277,40,107.21,0.2807,0.8627,1.00,0.000100,SnakeCollision,2,22,15.5292,36.6684,3.8008,25.9244,0.000,0.000,0.000,0.125,0.875,0.000,5
20260216-569fee67,20260216-d9e8d440,278,282,536.88,0.2738,5.1474,1.00,0.000100,SnakeCollision,2,85,16.6124,35.0347,3.9211,160.2708,0.000,0.000,0.000,0.011,0.986,0.004,5
20260216-569fee67,20260216-d9e8d440,279,55,138.75,0.2725,4.3125,1.00,0.000100,SnakeCollision,2,25,14.9119,43.5960,3.5553,135.8331,0.000,0.000,0.000,0.255,0.745,0.000,5
20260216-569fee67,20260216-d9e8d440,280,338,545.67,0.2724,2.6245,1.00,0.000100,SnakeCollision,2,71,14.0788,27.5784,4.5307,49.9235,0.000,0.000,0.000,0.083,0.917,0.000,5
20260216-569fee67,20260216-d9e8d440,281,337,558.86,0.2724,4.5850,1.00,0.000100,SnakeCollision,2,76,14.9849,37.6470,3.9194,129.3636,0.000,0.000,0.000,0.104,0.896,0.000,5
20260216-569fee67,20260216-d9e8d440,282,338,518.92,0.2724,4.5850,1.00,0.000100,SnakeCollision,2,77,14.9849,37.6470,3.9194,129.3636,0.003,0.000,0.000,0.015,0.982,0.000,5
20260216-569fee67,20260216-d9e8d440,283,390,555.48,0.2724,4.5850,1.00,0.000100,SnakeCollision,2,90,14.9849,37.6470,3.9194,129.3636,0.000,0.000,0.000,0.023,0.977,0.000,5
20260216-569fee67,20260216-d9e8d440,284,60,151.37,0.2710,3.7559,1.00,0.000100,SnakeCollision,2,28,14.6335,33.4342,4.9370,86.0286,0.000,0.000,0.000,0.350,0.650,0.000,5
20260216-569fee67,20260216-d9e8d440,285,188,404.97,0.2680,1.6594,1.00,0.000100,SnakeCollision,2,63,14.7971,34.4835,3.9892,45.3044,0.000,0.000,0.000,0.388,0.612,0.000,5
20260216-569fee67,20260216-d9e8d440,286,186,417.69,0.2680,3.7692,1.00,0.000100,SnakeCollision,2,71,14.8954,36.5408,3.9342,95.9710,0.005,0.000,0.000,0.102,0.887,0.005,5
20260216-569fee67,20260216-d9e8d440,287,188,331.33,0.2680,3.1206,1.00,0.000100,SnakeCollision,2,51,15.5605,34.7220,3.7288,80.1160,0.000,0.000,0.000,0.064,0.936,0.000,5
20260216-569fee67,20260216-d9e8d440,288,367,550.35,0.2638,5.7581,1.00,0.000100,SnakeCollision,2,71,15.6151,34.4068,4.1210,124.8190,0.000,0.000,0.000,0.030,0.970,0.000,5
20260216-569fee67,20260216-d9e8d440,289,268,447.30,0.2618,2.6771,1.00,0.000100,SnakeCollision,2,61,13.8793,37.8957,4.3950,63.1166,0.000,0.011,0.000,0.037,0.951,0.000,5
20260216-569fee67,20260216-d9e8d440,290,500,1016.66,0.2594,4.9097,1.00,0.000100,MaxSteps,2,133,15.7810,39.2176,3.8052,101.5831,0.000,0.002,0.000,0.106,0.886,0.006,5
20260216-569fee67,20260216-d9e8d440,291,19,65.81,0.2590,3.7757,1.00,0.000100,SnakeCollision,2,15,15.7888,42.6668,3.9682,98.3033,0.000,0.000,0.000,0.000,1.000,0.000,5
20260216-569fee67,20260216-d9e8d440,292,213,368.82,0.2590,1.9676,1.00,0.000100,SnakeCollision,2,54,14.4618,29.3065,3.0371,72.6642,0.000,0.000,0.000,0.056,0.944,0.000,5
20260216-569fee67,20260216-d9e8d440,293,500,840.34,0.2566,0.6852,1.00,0.000100,MaxSteps,2,106,13.2399,32.6609,4.3957,12.5800,0.000,0.002,0.000,0.102,0.896,0.000,5
20260216-569fee67,20260216-d9e8d440,294,500,853.32,0.2566,2.9843,1.00,0.000100,MaxSteps,2,100,14.0729,33.0767,4.1930,63.5074,0.000,0.004,0.000,0.004,0.992,0.000,5
20260216-569fee67,20260216-d9e8d440,295,281,461.03,0.2528,2.1064,1.00,0.000100,SnakeCollision,2,68,15.4080,34.4116,3.0120,63.6578,0.000,0.000,0.000,0.007,0.993,0.000,5
20260216-569fee67,20260216-d9e8d440,296,174,280.50,0.2528,3.3868,1.00,0.000100,SnakeCollision,2,45,14.9735,31.9330,3.5447,74.4221,0.000,0.000,0.000,0.138,0.862,0.000,5
20260216-569fee67,20260216-d9e8d440,297,500,758.97,0.2508,1.7179,1.00,0.000100,MaxSteps,2,100,14.8105,34.6690,3.8128,48.7748,0.000,0.000,0.000,0.000,1.000,0.000,5
20260216-569fee67,20260216-d9e8d440,298,500,889.51,0.2481,3.3118,1.00,0.000100,MaxSteps,2,114,14.1897,34.1777,4.0515,99.9461,0.000,0.002,0.000,0.040,0.958,0.000,5
20260216-569fee67,20260216-d9e8d440,299,268,500.65,0.2471,7.2924,1.00,0.000100,SnakeCollision,2,73,14.5597,41.1748,4.6291,202.8287,0.000,0.000,0.004,0.045,0.951,0.000,5
20260216-569fee67,20260216-d9e8d440,300,500,844.02,0.2459,2.5686,1.00,0.000100,MaxSteps,2,109,14.9605,41.2026,3.3587,57.1476,0.000,0.002,0.000,0.000,0.998,0.000,5
20260216-569fee67,20260216-d9e8d440,301,500,766.01,0.2423,2.3644,1.00,0.000100,MaxSteps,2,86,16.0784,39.9456,3.5382,64.4968,0.000,0.000,0.000,0.004,0.996,0.000,5
20260216-569fee67,20260216-d9e8d440,302,282,587.98,0.2423,2.1055,1.00,0.000100,SnakeCollision,2,84,14.7284,37.9864,3.6597,47.1254,0.000,0.004,0.000,0.099,0.894,0.004,5
20260216-569fee67,20260216-d9e8d440,303,500,983.83,0.2404,3.6431,1.00,0.000100,MaxSteps,2,132,16.9531,37.4295,3.9715,96.3760,0.000,0.002,0.000,0.052,0.944,0.002,5
20260216-569fee67,20260216-d9e8d440,304,310,537.82,0.2396,3.5709,1.00,0.000100,SnakeCollision,2,70,15.1920,37.4825,4.0589,74.0752,0.003,0.003,0.003,0.181,0.810,0.000,5
20260216-569fee67,20260216-d9e8d440,305,500,862.76,0.2370,4.8646,1.00,0.000100,MaxSteps,2,104,15.8830,37.5274,4.3796,87.9197,0.000,0.002,0.004,0.072,0.920,0.002,5
20260216-569fee67,20260216-d9e8d440,306,145,253.65,0.2342,2.3239,1.00,0.000100,SnakeCollision,2,39,14.2567,33.5332,3.8109,86.2894,0.000,0.000,0.000,0.007,0.993,0.000,4
20260216-569fee67,20260216-d9e8d440,307,499,753.69,0.2325,2.8203,1.00,0.000100,SnakeCollision,2,118,15.4328,46.7039,3.7234,84.0182,0.000,0.002,0.006,0.092,0.898,0.002,5
20260216-569fee67,20260216-d9e8d440,308,87,212.39,0.2325,2.8203,1.00,0.000100,SnakeCollision,2,36,15.4328,46.7039,3.7234,84.0182,0.000,0.000,0.000,0.287,0.713,0.000,5
20260216-569fee67,20260216-d9e8d440,309,365,753.51,0.2325,2.8203,1.00,0.000100,SnakeCollision,2,110,15.4328,46.7039,3.7234,84.0182,0.003,0.000,0.003,0.197,0.795,0.003,5
20260216-569fee67,20260216-d9e8d440,310,59,125.41,0.2314,2.4074,1.00,0.000100,SnakeCollision,2,23,16.7037,44.9971,3.8803,65.3163,0.034,0.000,0.017,0.339,0.610,0.000,5
20260216-569fee67,20260216-d9e8d440,311,500,774.03,0.2307,0.9374,1.00,0.000100,MaxSteps,2,93,15.3488,36.1906,4.8840,50.8637,0.000,0.002,0.000,0.024,0.974,0.000,5
20260216-569fee67,20260216-d9e8d440,312,122,382.45,0.2302,3.5131,1.00,0.000100,SnakeCollision,2,63,14.4970,46.5149,3.9729,83.9528,0.000,0.000,0.008,0.033,0.934,0.025,5
